Date,HY_LAST
5/1/23,489.445
5/1/23,476.811
4/28/23,465.955
4/27/23,470.974
4/26/23,483.59
4/25/23,481.028
4/24/23,467.91
4/21/23,467.734
4/20/23,475.56
4/19/23,468.695
4/18/23,461.592
4/17/23,458.287
4/14/23,458.936
4/13/23,464.059
4/12/23,479.437
4/11/23,473.558
4/10/23,481.438
4/7/23,480.058
4/6/23,489.635
4/5/23,494.313
4/4/23,480.255
4/3/23,469.233
3/31/23,463.389
3/30/23,477.542
3/29/23,486.158
3/28/23,509.456
3/27/23,503.459
3/24/23,517.68
3/23/23,526.658
3/22/23,510.765
3/21/23,490.153
3/20/23,530.656
3/17/23,529.688
3/16/23,502.931
3/15/23,528.898
3/14/23,509.705
3/13/23,534.519
3/10/23,498.109
3/9/23,478.457
3/8/23,454.61
3/7/23,446.851
3/6/23,430.514
3/3/23,432.619
3/2/23,455.594
3/1/23,457.271
2/28/23,462.528
2/27/23,458.322
2/24/23,465.296
2/23/23,452.494
2/22/23,461.634
2/21/23,466.967
2/17/23,444.447
2/16/23,448.094
2/15/23,434.03
2/14/23,434.224
2/13/23,431.708
2/10/23,442.057
2/9/23,430.993
2/8/23,424.432
2/7/23,415.658
2/6/23,425.73
2/3/23,418.677
2/2/23,408.093
2/1/23,415.862
1/31/23,429.973
1/30/23,443.92
1/27/23,431.977
1/26/23,430.836
1/25/23,433.586
1/24/23,432.044
1/23/23,434.659
1/20/23,446.101
1/19/23,458.497
1/18/23,444.782
1/17/23,433.273
1/13/23,424.097
1/12/23,424.464
1/11/23,435.854
1/10/23,452.196
1/9/23,451.411
1/6/23,449.508
1/5/23,474.722
1/4/23,470.101
1/3/23,478.006
12/30/22,483.975
12/29/22,483.203
12/28/22,502.338
12/27/22,477.619
12/23/22,476.158
12/22/22,485.105
12/21/22,477.206
12/20/22,502.838
12/19/22,496.403
12/16/22,488.736
12/15/22,474.537
12/14/22,450.226
12/13/22,449.586
12/12/22,466.412
12/9/22,479.354
12/8/22,485.727
12/7/22,490.027
12/6/22,494.36
12/5/22,478.161
12/2/22,463.402
12/1/22,458.831
11/30/22,452.486
11/29/22,477.589
11/28/22,481.892
11/25/22,460.555
11/23/22,456.313
11/22/22,469.025
11/21/22,479.886
11/18/22,480.46
11/17/22,489.593
11/16/22,488.072
11/15/22,487.289
11/14/22,491.357
11/10/22,486.485
11/9/22,540.291
11/8/22,519.908
11/7/22,514.436
11/4/22,523.253
11/3/22,543.073
11/2/22,527.585
11/1/22,509.725
10/31/22,520.505
10/28/22,500.507
10/27/22,532.88
10/26/22,532.394
10/25/22,534.787
10/24/22,540.758
10/21/22,542.136
10/20/22,567.6
10/19/22,554.173
10/18/22,541.641
10/17/22,561.869
10/14/22,595.319
10/13/22,582.372
10/12/22,592.606
10/11/22,594.968
10/7/22,582.074
10/6/22,565.556
10/5/22,556.526
10/4/22,557.879
10/3/22,594.96
9/30/22,609.706
9/29/22,602.807
9/28/22,595.809
9/27/22,626.932
9/26/22,588.447
9/23/22,568.144
9/22/22,551.789
9/21/22,541.791
9/20/22,527.793
9/19/22,513.136
9/16/22,527.72
9/15/22,524.687
9/14/22,498.406
9/13/22,505.303
9/12/22,462.359
9/9/22,470.717
9/8/22,488.451
9/7/22,496.838
9/6/22,525.453
9/2/22,528.405
9/1/22,522.218
8/31/22,533.142
8/30/22,528.033
8/29/22,513.667
8/26/22,498.695
8/25/22,469.484
8/24/22,481.851
8/23/22,490.903
8/22/22,491.96
8/19/22,471.224
8/18/22,447.705
8/17/22,450.588
8/16/22,434.954
8/15/22,423.787
8/12/22,421.183
8/11/22,441.287
8/10/22,436.813
8/9/22,474.964
8/8/22,459.553
8/5/22,464.056
8/4/22,468.783
8/3/22,474.579
8/2/22,488.817
8/1/22,477.718
7/29/22,470.996
7/28/22,471.933
7/27/22,485.258
7/26/22,508.956
7/25/22,499.236
7/22/22,499.745
7/21/22,483.956
7/20/22,492.599
7/19/22,502.3
7/18/22,533.785
7/15/22,530.382
7/14/22,557.053
7/13/22,549.067
7/12/22,536.025
7/11/22,531.385
7/8/22,516.585
7/7/22,528.115
7/6/22,558.91
7/5/22,565.027
7/1/22,577.05
6/30/22,579.087
6/29/22,571.457
6/28/22,563.479
6/27/22,532.257
6/24/22,528.835
6/23/22,555.941
6/22/22,566.448
6/21/22,563.54
6/17/22,575.765
6/16/22,587.611
6/15/22,550.175
6/14/22,572.538
6/13/22,572.843
6/10/22,531.65
6/9/22,500.25
6/8/22,481.867
6/7/22,475.705
6/6/22,476.741
6/3/22,472.875
6/2/22,459.512
6/1/22,465.917
5/31/22,461.124
5/27/22,456.911
5/26/22,465.122
5/25/22,480.628
5/24/22,501.733
5/23/22,506.436
5/20/22,522.891
5/19/22,516.151
5/18/22,518.412
5/17/22,483.582
5/16/22,492.866
5/13/22,484.341
5/12/22,493.609
5/11/22,489.692
5/10/22,487.012
5/9/22,497.04
5/6/22,479.932
5/5/22,459.985
5/4/22,429.991
5/3/22,443.712
5/2/22,454.724
4/29/22,461.311
4/28/22,446.441
4/27/22,450.304
4/26/22,446.912
4/25/22,423.4
4/22/22,434.706
4/21/22,417.721
4/20/22,403.664
4/19/22,409.709
4/18/22,408.631
4/14/22,407.655
4/13/22,402.679
4/12/22,408.335
4/11/22,410.674
4/8/22,400.32
4/7/22,387.945
4/6/22,383.699
4/5/22,375.459
4/4/22,362.205
4/1/22,374.005
3/31/22,375.844
3/30/22,370.861
3/29/22,366.589
3/28/22,385.125
3/25/22,367.781
3/24/22,361.574
3/23/22,365.237
3/22/22,355.252
3/21/22,366.494
3/18/22,357.751
3/17/22,360.724
3/16/22,368.26
3/15/22,395.321
3/14/22,407.137
3/11/22,400.387
3/10/22,390.537
3/9/22,381.03
3/8/22,404.545
3/7/22,411.387
3/4/22,392.142
3/3/22,376.662
3/2/22,369.783
3/1/22,381.047
2/28/22,365.195
2/25/22,359.143
2/24/22,369.074
2/23/22,380.221
2/22/22,374.564
2/18/22,370.093
2/17/22,366.092
2/16/22,355.616
2/15/22,360.513
2/14/22,370.065
2/11/22,369.454
2/10/22,360.23
2/9/22,341.01
2/8/22,350.961
2/7/22,352.851
2/4/22,355.948
2/3/22,346.473
2/2/22,335.268
2/1/22,329.089
1/31/22,339.198
1/28/22,343.346
1/27/22,348.435
1/26/22,338.349
1/25/22,332.966
1/24/22,325.454
1/21/22,330.127
1/20/22,324.465
1/19/22,317.417
1/18/22,313.942
1/14/22,306.824
1/13/22,307.258
1/12/22,299.58
1/11/22,301.096
1/10/22,307.14
1/7/22,308.357
1/6/22,303.735
1/5/22,304.511
1/4/22,294.525
1/3/22,293.242
12/31/21,293.102
12/30/21,294.797
12/29/21,293.265
12/28/21,292.489
12/27/21,287.788
12/23/21,292.286
12/22/21,297.228
12/21/21,302.178
12/20/21,310.7
12/17/21,308.887
12/16/21,307.701
12/15/21,304.993
12/14/21,311.315
12/13/21,308.236
12/10/21,305.472
12/9/21,310.634
12/8/21,305.886
12/7/21,305.133
12/6/21,318.078
12/3/21,330.495
12/2/21,323.542
12/1/21,332.947
11/30/21,327.31
11/29/21,317.091
11/26/21,327.072
11/24/21,306.366
11/23/21,306.315
11/22/21,306.178
11/19/21,300.466
11/18/21,296.366
11/17/21,296.733
11/16/21,293.762
11/15/21,294.785
11/12/21,295.343
11/10/21,296.893
11/9/21,291.095
11/8/21,288.609
11/5/21,287.545
11/4/21,293.11
11/3/21,296.952
11/2/21,301.58
11/1/21,306.042
10/29/21,304.473
10/28/21,299.71
10/27/21,301.575
10/26/21,298.243
10/25/21,301.3
10/22/21,301.772
10/21/21,298.683
10/20/21,295.679
10/19/21,296.751
10/18/21,300.674
10/15/21,299.964
10/14/21,300.217
10/13/21,311.168
10/12/21,315.221
10/8/21,308.304
10/7/21,304.075
10/6/21,305.012
10/5/21,304.982
10/4/21,302.867
10/1/21,298.129
9/30/21,301.807
9/29/21,297.599
9/28/21,298.91
9/27/21,292.305
9/24/21,275.498
9/23/21,274.347
9/22/21,276.718
9/21/21,284.399
9/20/21,285.899
9/17/21,277.872
9/16/21,272.762
9/15/21,272.895
9/14/21,275.525
9/13/21,274.975
9/10/21,277.101
9/9/21,276.31
9/8/21,274.678
9/7/21,277.47
9/3/21,274.697
9/2/21,273.939
9/1/21,274.673
8/31/21,275.864
8/30/21,275.24
8/27/21,275.618
8/26/21,285.552
8/25/21,281.704
8/24/21,284.222
8/23/21,285.353
8/20/21,292.933
8/19/21,297.521
8/18/21,296.143
8/17/21,292.859
8/16/21,286.471
8/13/21,284.127
8/12/21,285.776
8/11/21,290.233
8/10/21,293.818
8/9/21,289.737
8/6/21,286.394
8/5/21,288.584
8/4/21,295.966
8/3/21,293.262
8/2/21,294.064
7/30/21,291.95
7/29/21,286.22
7/28/21,287.385
7/27/21,288.679
7/26/21,282.921
7/23/21,281.16
7/22/21,284.519
7/21/21,283.732
7/20/21,291.728
7/19/21,296.788
7/16/21,286.6
7/15/21,283.09
7/14/21,278.657
7/13/21,280.373
7/12/21,276.572
7/9/21,276.042
7/8/21,281.986
7/7/21,274.985
7/6/21,273.249
7/2/21,268.971
7/1/21,272.664
6/30/21,273.364
6/29/21,273.454
6/28/21,272.858
6/25/21,269.963
6/24/21,273.601
6/23/21,276.315
6/22/21,277.124
6/21/21,280.133
6/18/21,286.639
6/17/21,281.398
6/16/21,281.691
6/15/21,276.887
6/14/21,276.698
6/11/21,275.482
6/10/21,278.146
6/9/21,282.841
6/8/21,283.273
6/7/21,283.587
6/4/21,283.312
6/3/21,287.818
6/2/21,284.187
6/1/21,285.159
5/28/21,287.958
5/27/21,289.323
5/26/21,290.849
5/25/21,292.862
5/24/21,290.638
5/21/21,293.803
5/20/21,294.798
5/19/21,299.29
5/18/21,297.102
5/17/21,293.934
5/14/21,288.107
5/13/21,295.194
5/12/21,301.799
5/11/21,293.364
5/10/21,291.237
5/7/21,286.351
5/6/21,289.658
5/5/21,289.273
5/4/21,288.113
5/3/21,285.14
4/30/21,286.406
4/29/21,284.104
4/28/21,287.511
4/27/21,291.132
4/26/21,290.17
4/23/21,291.647
4/22/21,296.383
4/21/21,295.26
4/20/21,297.229
4/19/21,290.821
4/16/21,288.146
4/15/21,286.37
4/14/21,292.896
4/13/21,293.312
4/12/21,294.937
4/9/21,293.266
4/8/21,291.127
4/7/21,293.662
4/6/21,294.202
4/5/21,295.563
4/2/21,296.317
4/1/21,299.171
3/31/21,308.148
3/30/21,316.733
3/29/21,314.146
3/26/21,292.973
3/25/21,301.264
3/24/21,304.565
3/23/21,303.855
3/22/21,297.079
3/19/21,301.316
3/18/21,305.618
3/17/21,293.636
3/16/21,299.578
3/15/21,296.811
3/12/21,297.663
3/11/21,295.214
3/10/21,299.531
3/9/21,310.144
3/8/21,312.716
3/5/21,300.709
3/4/21,312.018
3/3/21,302.482
3/2/21,296.766
3/1/21,292.503
2/26/21,310.497
2/25/21,311.487
2/24/21,290.813
2/23/21,297.528
2/22/21,303.413
2/19/21,295.388
2/18/21,292.613
2/17/21,288.006
2/16/21,287.351
2/12/21,286.221
2/11/21,286.171
2/10/21,285.093
2/9/21,287.243
2/8/21,283.569
2/5/21,285.791
2/4/21,289.399
2/3/21,296.37
2/2/21,300.989
2/1/21,311.594
1/29/21,318.73
1/28/21,317.116
1/27/21,318.396
1/26/21,310.239
1/25/21,307.198
1/22/21,305.117
1/21/21,298.815
1/20/21,297.123
1/19/21,298.077
1/15/21,304.03
1/14/21,295.739
1/13/21,295.655
1/12/21,301.532
1/11/21,300.056
1/8/21,292.141
1/7/21,294.084
1/6/21,302.171
1/5/21,303.214
1/4/21,304.157
12/31/20,292.977
12/30/20,296.233
12/29/20,299.219
12/28/20,295.546
12/24/20,298.281
12/23/20,302.605
12/22/20,309.757
12/21/20,309.109
12/18/20,299.717
12/17/20,297.662
12/16/20,301.839
12/15/20,297.997
12/14/20,304.51
12/11/20,304.868
12/10/20,302.408
12/9/20,299.597
12/8/20,297.251
12/7/20,292.623
12/4/20,290.614
12/3/20,300.905
12/2/20,300.172
12/1/20,303.861
11/30/20,302.64
11/27/20,306.91
11/25/20,310.497
11/24/20,313.389
11/23/20,329.363
11/20/20,340.125
11/19/20,328.248
11/18/20,334.555
11/17/20,328.69
11/16/20,326.561
11/13/20,341.216
11/12/20,351.556
11/10/20,332.289
11/9/20,336.72
11/6/20,366.143
11/5/20,362.48
11/4/20,383.226
11/3/20,400.907
11/2/20,418.254
10/30/20,421.084
10/29/20,418.549
10/28/20,412.696
10/27/20,390.284
10/26/20,387.247
10/23/20,373.257
10/22/20,374.61
10/21/20,375.609
10/20/20,376.839
10/19/20,381.552
10/16/20,373.511
10/15/20,371.892
10/14/20,368.417
10/13/20,364.997
10/9/20,360.997
10/8/20,374.283
10/7/20,381.047
10/6/20,396.715
10/5/20,387.94
10/2/20,404.307
10/1/20,403.295
9/30/20,409.256
9/29/20,412.401
9/28/20,403.888
9/25/20,399.007
9/24/20,392.853
9/23/20,390.16
9/22/20,367.955
9/21/20,362.569
9/18/20,347.531
9/17/20,342.127
9/16/20,339.018
9/15/20,342.256
9/14/20,352.598
9/11/20,357.91
9/10/20,377.024
9/9/20,370.59
9/8/20,384.502
9/4/20,366.454
9/3/20,364.464
9/2/20,349.652
9/1/20,352.524
8/31/20,366.575
8/28/20,368.429
8/27/20,371.496
8/26/20,371.073
8/25/20,376.114
8/24/20,382.729
8/21/20,388.887
8/20/20,392.237
8/19/20,396.16
8/18/20,388.063
8/17/20,394.744
8/14/20,405.777
8/13/20,401.009
8/12/20,389.965
8/11/20,397.517
8/10/20,391.013
8/7/20,387.121
8/6/20,388.571
8/5/20,392.679
8/4/20,430.02
8/3/20,433.311
7/31/20,432.7
7/30/20,432.956
7/29/20,435.902
7/28/20,454.48
7/27/20,450.405
7/24/20,461.458
7/23/20,460.589
7/22/20,453.362
7/21/20,457.889
7/20/20,462.868
7/17/20,471.738
7/16/20,482.594
7/15/20,476.714
7/14/20,505.031
7/13/20,506.875
7/10/20,499.687
7/9/20,504.78
7/8/20,481.276
7/7/20,510.275
7/6/20,487.347
7/2/20,504.738
7/1/20,510.711
6/30/20,516.327
6/29/20,535.797
6/26/20,526.626
6/25/20,502.257
6/24/20,516.492
6/23/20,493.123
6/22/20,498.608
6/19/20,500.799
6/18/20,481.027
6/17/20,469.876
6/16/20,462.05
6/15/20,459.781
6/12/20,485.95
6/11/20,505.023
6/10/20,451.05
6/9/20,462.287
6/8/20,423.863
6/5/20,413.784
6/4/20,462.535
6/3/20,461.561
6/2/20,482.775
6/1/20,514.99
5/29/20,539.858
5/28/20,553.512
5/27/20,559.89
5/26/20,580.147
5/22/20,624.122
5/21/20,616.489
5/20/20,609.868
5/19/20,647.427
5/18/20,640.414
5/15/20,685.573
5/14/20,676.475
5/13/20,675.619
5/12/20,644.502
5/11/20,640.491
5/8/20,633.806
5/7/20,643.767
5/6/20,677.924
5/5/20,655.138
5/4/20,661.352
5/1/20,651.549
4/30/20,625.663
4/29/20,627.579
4/28/20,658.382
4/27/20,662.688
4/24/20,674.462
4/23/20,659.913
4/22/20,658.678
4/21/20,669.153
4/20/20,644.782
4/17/20,588.301
4/16/20,603.927
4/15/20,603.733
4/14/20,558.47
4/13/20,549.648
4/9/20,533.8
4/8/20,616.577
4/7/20,685.241
4/6/20,699.224
4/3/20,774.193
4/2/20,743.623
4/1/20,735.167
3/31/20,656.92
3/30/20,618.124
3/27/20,623.208
3/26/20,570.711
3/25/20,657.451
3/24/20,717.175
3/23/20,871.112
3/20/20,849.958
3/19/20,783.322
3/18/20,727.297
3/17/20,648.084
3/16/20,672.889
3/13/20,560.108
3/12/20,685.36
3/11/20,592.905
3/10/20,536.143
3/9/20,551
3/6/20,442.611
3/5/20,407.458
3/4/20,368.518
3/3/20,387.049
3/2/20,364.881
2/28/20,369.607
2/27/20,373.115
2/26/20,344.184
2/25/20,338.51
2/24/20,326.43
2/21/20,294.801
2/20/20,288.724
2/19/20,286.955
2/18/20,287.935
2/14/20,284.339
2/13/20,281.128
2/12/20,280.343
2/11/20,283.851
2/10/20,287.748
2/7/20,290.097
2/6/20,284.665
2/5/20,283.314
2/4/20,293.967
2/3/20,306.075
1/31/20,304.934
1/30/20,297.351
1/29/20,302.407
1/28/20,296.834
1/27/20,309.661
1/24/20,295.412
1/23/20,289.708
1/22/20,284.624
1/21/20,284.546
1/17/20,278.559
1/16/20,279.581
1/15/20,281.826
1/14/20,280.957
1/13/20,278.612
1/10/20,278.73
1/9/20,276.717
1/8/20,280.907
1/7/20,283.981
1/6/20,280.888
1/3/20,280.752
1/2/20,274.642
12/31/19,279.751
12/30/19,278.701
12/27/19,276.674
12/26/19,278.346
12/24/19,281.165
12/23/19,282.515
12/20/19,283.424
12/19/19,285.638
12/18/19,284.846
12/17/19,288.323
12/16/19,289.502
12/13/19,295.937
12/12/19,298.295
12/11/19,302.578
12/10/19,327.262
12/9/19,327.276
12/6/19,321.888
12/5/19,327.098
12/4/19,326.694
12/3/19,331.756
12/2/19,329.074
11/29/19,325.689
11/27/19,324.181
11/26/19,326.089
11/25/19,329.904
11/22/19,337.831
11/21/19,344.489
11/20/19,343.837
11/19/19,339.196
11/18/19,333.589
11/15/19,331.902
11/14/19,335.029
11/13/19,333.098
11/12/19,329.182
11/8/19,326.845
11/7/19,325.105
11/6/19,326.809
11/5/19,325.808
11/4/19,324.803
11/1/19,329.711
10/31/19,337.578
10/30/19,331.944
10/29/19,332.601
10/28/19,330.238
10/25/19,332.045
10/24/19,334.067
10/23/19,332.743
10/22/19,335.778
10/21/19,332.845
10/18/19,337.61
10/17/19,338.867
10/16/19,340.329
10/15/19,341.469
10/11/19,348.385
10/10/19,358.396
10/9/19,363.251
10/8/19,368.123
10/7/19,360.029
10/4/19,356.678
10/3/19,367.256
10/2/19,367.025
10/1/19,355.304
9/30/19,350.011
9/27/19,356.176
9/26/19,328.777
9/25/19,325.392
9/24/19,328.846
9/23/19,323.567
9/20/19,326.419
9/19/19,324.138
9/18/19,317.346
9/17/19,316.61
9/16/19,315.367
9/13/19,316.643
9/12/19,319.382
9/11/19,322.378
9/10/19,325.875
9/9/19,325.752
9/6/19,326.61
9/5/19,333.225
9/4/19,342.615
9/3/19,348.714
8/30/19,340.018
8/29/19,340.974
8/28/19,350.32
8/27/19,356.548
8/26/19,353.998
8/23/19,361.838
8/22/19,344.945
8/21/19,346.518
8/20/19,355.992
8/19/19,350.569
8/16/19,357.219
8/15/19,370.424
8/14/19,375.677
8/13/19,348.049
8/12/19,367.939
8/9/19,355.312
8/8/19,347.629
8/7/19,354.299
8/6/19,353.605
8/5/19,362.516
8/2/19,340.16
8/1/19,333.212
7/31/19,326.446
7/30/19,316.937
7/29/19,314.269
7/26/19,312.053
7/25/19,313.88
7/24/19,321.413
7/23/19,324.731
7/22/19,331.216
7/19/19,336.347
7/18/19,331.262
7/17/19,335.875
7/16/19,330.359
7/15/19,326.126
7/12/19,324.562
7/11/19,327.009
7/10/19,320.752
7/9/19,326.09
7/8/19,329.142
7/5/19,321.189
7/3/19,315.485
7/2/19,319.558
7/1/19,320.318
6/28/19,323.025
6/27/19,327.182
6/26/19,333.076
6/25/19,336.559
6/24/19,326.553
6/21/19,323.92
6/20/19,319.737
6/19/19,328.859
6/18/19,339
6/17/19,355.434
6/14/19,353.938
6/13/19,349.02
6/12/19,354.991
6/11/19,347.727
6/10/19,354.284
6/7/19,362.955
6/6/19,368.272
6/5/19,374.265
6/4/19,375.633
6/3/19,395.475
5/31/19,393.086
5/30/19,376.922
5/29/19,376.381
5/28/19,371.518
5/24/19,362.891
5/23/19,363.769
5/22/19,353.536
5/21/19,349.131
5/20/19,355.201
5/17/19,351.446
5/16/19,348.037
5/15/19,354.743
5/14/19,353.267
5/13/19,360.226
5/10/19,338.163
5/9/19,347.398
5/8/19,342.498
5/7/19,337.407
5/6/19,327.688
5/3/19,324.039
5/2/19,329.938
5/1/19,329.846
4/30/19,323.805
4/29/19,326.4
4/26/19,324.215
4/25/19,331.231
4/24/19,329.475
4/23/19,323.833
4/22/19,327.288
4/18/19,325.655
4/17/19,327.476
4/16/19,325.482
4/15/19,323.25
4/12/19,324.871
4/11/19,333.529
4/10/19,335.191
4/9/19,341.875
4/8/19,337.866
4/5/19,338.768
4/4/19,342.825
4/3/19,344.897
4/2/19,344.45
4/1/19,341.017
3/29/19,349.106
3/28/19,357.472
3/27/19,363.672
3/26/19,347.591
3/25/19,351.786
3/22/19,348.953
3/21/19,335.118
3/20/19,339.82
3/19/19,340.437
3/18/19,339.003
3/15/19,340.757
3/14/19,342.986
3/13/19,340.04
3/12/19,346.134
3/11/19,350.686
3/8/19,363.749
3/7/19,363.884
3/6/19,359.506
3/5/19,351.18
3/4/19,344.618
3/1/19,342.721
2/28/19,347.855
2/27/19,343.532
2/26/19,344.495
2/25/19,345.467
2/22/19,346.401
2/21/19,348.59
2/20/19,344.565
2/19/19,344.982
2/15/19,343.49
2/14/19,354.212
2/13/19,352.822
2/12/19,350.16
2/11/19,362.616
2/8/19,361.683
2/7/19,362.667
2/6/19,354.574
2/5/19,346.619
2/4/19,351.471
2/1/19,356.78
1/31/19,352.586
1/30/19,362.095
1/29/19,377.181
1/28/19,379.798
1/25/19,374.43
1/24/19,384.047
1/23/19,393.301
1/22/19,397.423
1/18/19,382.703
1/17/19,388.954
1/16/19,403.493
1/15/19,405.018
1/14/19,414.746
1/11/19,404.027
1/10/19,401.546
1/9/19,412.972
1/8/19,406.348
1/7/19,417.334
1/4/19,429.384
1/3/19,465.323
1/2/19,459.44
12/31/18,449.152
12/28/18,452.421
12/27/18,455.411
12/26/18,451.965
12/24/18,484.931
12/21/18,475.139
12/20/18,462.634
12/19/18,445.088
12/18/18,428.762
12/17/18,428.356
12/14/18,417.341
12/13/18,405.452
12/12/18,411.325
12/11/18,421.734
12/10/18,424.062
12/7/18,422.631
12/6/18,409.447
12/4/18,406.511
12/3/18,384.526
11/30/18,392.646
11/29/18,386.463
11/28/18,384.304
11/27/18,407.858
11/26/18,412.211
11/23/18,416.701
11/21/18,407.899
11/20/18,416.584
11/19/18,411.038
11/16/18,399.591
11/15/18,392.123
11/14/18,390.84
11/13/18,382.539
11/9/18,368.419
11/8/18,352.59
11/7/18,347.244
11/6/18,355.726
11/5/18,359.738
11/2/18,364.248
11/1/18,366.65
10/31/18,375.073
10/30/18,379.111
10/29/18,385.425
10/26/18,384.629
10/25/18,379.091
10/24/18,381.507
10/23/18,369.98
10/22/18,371.032
10/19/18,366.597
10/18/18,364.057
10/17/18,353.532
10/16/18,349.783
10/15/18,362.036
10/12/18,354.653
10/11/18,360.914
10/10/18,361.16
10/9/18,343.077
10/5/18,342.648
10/4/18,338.019
10/3/18,331.995
10/2/18,330.234
10/1/18,325.611
9/28/18,331.007
9/27/18,332.63
9/26/18,314.445
9/25/18,318.373
9/24/18,318.781
9/21/18,315.979
9/20/18,315.9
9/19/18,318.675
9/18/18,318.03
9/17/18,321.1
9/14/18,317.537
9/13/18,319.112
9/12/18,324.258
9/11/18,325.31
9/10/18,327.098
9/7/18,331.415
9/6/18,330.907
9/5/18,332.707
9/4/18,332.87
8/31/18,330.082
8/30/18,333.375
8/29/18,326.296
8/28/18,324.862
8/27/18,324.389
8/24/18,328.9
8/23/18,331.826
8/22/18,329.843
8/21/18,331.579
8/20/18,334.882
8/17/18,335.194
8/16/18,334.698
8/15/18,338.301
8/14/18,332.645
8/13/18,335.646
8/10/18,332.85
8/9/18,328.079
8/8/18,324.362
8/7/18,323.662
8/6/18,325.381
8/3/18,326.769
8/2/18,328.124
8/1/18,329.417
7/31/18,328.349
7/30/18,331.76
7/27/18,330.283
7/26/18,326.38
7/25/18,329.94
7/24/18,335.788
7/23/18,337.389
7/20/18,339.309
7/19/18,339.864
7/18/18,335.947
7/17/18,335.749
7/16/18,337.343
7/13/18,333.469
7/12/18,338.306
7/11/18,346.304
7/10/18,340.143
7/9/18,338.375
7/6/18,344.992
7/5/18,353.27
7/3/18,358.218
7/2/18,362.398
6/29/18,361.146
6/28/18,359.78
6/27/18,360.71
6/26/18,351.433
6/25/18,350.055
6/22/18,341.395
6/21/18,345.816
6/20/18,340.078
6/19/18,341.114
6/18/18,333.552
6/15/18,331.226
6/14/18,332.738
6/13/18,339.531
6/12/18,341.49
6/11/18,342.725
6/8/18,345.093
6/7/18,344.718
6/6/18,338.194
6/5/18,341.558
6/4/18,342.028
6/1/18,345.353
5/31/18,352.846
5/30/18,350.565
5/29/18,360.716
5/25/18,343.083
5/24/18,337.617
5/23/18,336.14
5/22/18,336.796
5/21/18,338.629
5/18/18,340.932
5/17/18,338.619
5/16/18,339.51
5/15/18,340.667
5/14/18,333.16
5/11/18,331.273
5/10/18,330.877
5/9/18,338.171
5/8/18,342.907
5/7/18,341.232
5/4/18,341.375
5/3/18,343.812
5/2/18,342.024
5/1/18,338.308
4/30/18,338.311
4/27/18,337.793
4/26/18,337.589
4/25/18,346.293
4/24/18,348.82
4/23/18,346.043
4/20/18,340.479
4/19/18,337.226
4/18/18,332.999
4/17/18,332.433
4/16/18,330.691
4/13/18,339.792
4/12/18,343.023
4/11/18,350.339
4/10/18,348.925
4/9/18,356.181
4/6/18,358.336
4/5/18,349.908
4/4/18,354.213
4/3/18,364.489
4/2/18,368.911
3/29/18,360.426
3/28/18,369.718
3/27/18,365.9
3/26/18,338.212
3/23/18,355.332
3/22/18,343.352
3/21/18,329.158
3/20/18,333.158
3/19/18,334.121
3/16/18,328.01
3/15/18,331.914
3/14/18,331.604
3/13/18,328.539
3/12/18,326.788
3/9/18,327.754
3/8/18,337.248
3/7/18,338.733
3/6/18,335.505
3/5/18,335.13
3/2/18,337.652
3/1/18,341.926
2/28/18,334.644
2/27/18,329.153
2/26/18,321.638
2/23/18,328.984
2/22/18,338.989
2/21/18,335.96
2/20/18,328.305
2/16/18,319.584
2/15/18,323.879
2/14/18,339.46
2/13/18,344.421
2/12/18,341.186
2/9/18,353.988
2/8/18,355.207
2/7/18,334.989
2/6/18,323.554
2/5/18,335.341
2/2/18,321.232
2/1/18,306.983
1/31/18,301.498
1/30/18,300.994
1/29/18,296.446
1/26/18,292.026
1/25/18,295.576
1/24/18,296.401
1/23/18,293.88
1/22/18,295.938
1/19/18,299.62
1/18/18,301.806
1/17/18,300.171
1/16/18,299.297
1/12/18,297.312
1/11/18,295.919
1/10/18,300.79
1/9/18,297.84
1/8/18,291.504
1/5/18,292.47
1/4/18,294.635
1/3/18,299.856
1/2/18,306.247
12/29/17,306.374
12/28/17,309.012
12/27/17,306.169
12/26/17,307.473
12/22/17,309.527
12/21/17,306.805
12/20/17,307.257
12/19/17,309.591
12/18/17,307.966
12/15/17,311.923
12/14/17,314.891
12/13/17,313.017
12/12/17,314.415
12/11/17,314.017
12/8/17,316.127
12/7/17,320.855
12/6/17,321.973
12/5/17,319.101
12/4/17,318.707
12/1/17,318.941
11/30/17,318.509
11/29/17,320.246
11/28/17,316.15
11/27/17,322.392
11/24/17,316.444
11/22/17,316.148
11/21/17,319.536
11/20/17,326.395
11/17/17,326.943
11/16/17,324.874
11/15/17,337.728
11/14/17,337.602
11/13/17,331.752
11/10/17,330.414
11/9/17,329.323
11/8/17,322.235
11/7/17,318.619
11/6/17,312.769
11/3/17,315.617
11/2/17,313.563
11/1/17,311.61
10/31/17,310.076
10/30/17,313.186
10/27/17,311.346
10/26/17,314.725
10/25/17,313.919
10/24/17,310.296
10/23/17,309.304
10/20/17,308.534
10/19/17,312.877
10/18/17,314.297
10/17/17,315.467
10/16/17,317.861
10/13/17,319.816
10/12/17,322.456
10/11/17,318.263
10/10/17,317.983
10/6/17,319.262
10/5/17,315.122
10/4/17,320.278
10/3/17,320.112
10/2/17,322.342
9/29/17,325.05
9/28/17,330.377
9/27/17,332.955
9/26/17,325.664
9/25/17,328.598
9/22/17,329.706
9/21/17,330.414
9/20/17,326.785
9/19/17,324.264
9/18/17,326.599
9/15/17,325.544
9/14/17,326.56
9/13/17,322.636
9/12/17,323.045
9/11/17,326.707
9/8/17,336.751
9/7/17,331.904
9/6/17,330.856
9/5/17,330.694
9/1/17,322.545
8/31/17,326.095
8/30/17,330.514
8/29/17,334.797
8/28/17,333.484
8/25/17,334.862
8/24/17,337.393
8/23/17,340.093
8/22/17,336.846
8/21/17,344.912
8/18/17,345.855
8/17/17,347.345
8/16/17,334.112
8/15/17,333.223
8/14/17,335.447
8/11/17,343.563
8/10/17,345.482
8/9/17,332.531
8/8/17,328.549
8/7/17,322.041
8/4/17,321.839
8/3/17,320.969
8/2/17,317.197
8/1/17,317.896
7/31/17,320.43
7/28/17,321.139
7/27/17,320.782
7/26/17,318.166
7/25/17,319.329
7/24/17,320.085
7/21/17,322.859
7/20/17,319.212
7/19/17,320.544
7/18/17,322.716
7/17/17,322.407
7/14/17,325.289
7/13/17,327.425
7/12/17,332.477
7/11/17,341.124
7/10/17,341.207
7/7/17,342.946
7/6/17,347.983
7/5/17,340.352
7/3/17,336.194
6/30/17,338.881
6/29/17,343.425
6/28/17,335.07
6/27/17,342.18
6/26/17,333.764
6/23/17,335.44
6/22/17,342.054
6/21/17,347.011
6/20/17,334.79
6/19/17,327.676
6/16/17,333.411
6/15/17,327.807
6/14/17,322.407
6/13/17,320.467
6/12/17,323.131
6/9/17,326.5
6/8/17,328.104
6/7/17,328.38
6/6/17,324.681
6/5/17,322.976
6/2/17,321.432
6/1/17,323.42
5/31/17,327.735
5/30/17,327.747
5/26/17,326.783
5/25/17,327.389
5/24/17,327.322
5/23/17,326.952
5/22/17,327.775
5/19/17,332.412
5/18/17,337.699
5/17/17,339.849
5/16/17,324.778
5/15/17,324.465
5/12/17,327.215
5/11/17,327.163
5/10/17,325.52
5/9/17,329.612
5/8/17,328.492
5/5/17,326.612
5/4/17,329.441
5/3/17,323.975
5/2/17,323.466