Date,IG
5/1/23,79.753
5/1/23,77.533
4/28/23,75.765
4/27/23,76.143
4/26/23,79.046
4/25/23,78.06
4/24/23,75.583
4/21/23,76.051
4/20/23,76.991
4/19/23,75.22
4/18/23,73.565
4/17/23,73.604
4/14/23,73.964
4/13/23,74.988
4/12/23,77.395
4/11/23,76.63
4/10/23,78.282
4/7/23,77.906
4/6/23,79.294
4/5/23,80.716
4/4/23,78.344
4/3/23,76.286
3/31/23,75.858
3/30/23,77.75
3/29/23,79.307
3/28/23,83.866
3/27/23,83.093
3/24/23,84.817
3/23/23,86.153
3/22/23,83.25
3/21/23,80.229
3/20/23,88.504
3/17/23,87.87
3/16/23,82.791
3/15/23,88.395
3/14/23,85.003
3/13/23,90.914
3/10/23,83.034
3/9/23,78.786
3/8/23,74.265
3/7/23,73.18
3/6/23,70.654
3/3/23,70.849
3/2/23,74.835
3/1/23,75.536
2/28/23,76.383
2/27/23,75.506
2/24/23,76.874
2/23/23,74.364
2/22/23,76.14
2/21/23,77.036
2/17/23,72.805
2/16/23,73.174
2/15/23,70.965
2/14/23,71.078
2/13/23,71.253
2/10/23,72.821
2/9/23,70.934
2/8/23,69.863
2/7/23,68.711
2/6/23,70.166
2/3/23,69.044
2/2/23,67.198
2/1/23,68.521
1/31/23,71.383
1/30/23,73.651
1/27/23,71.474
1/26/23,71.482
1/25/23,71.587
1/24/23,71.564
1/23/23,71.943
1/20/23,74.083
1/19/23,76.077
1/18/23,73.903
1/17/23,71.983
1/13/23,70.483
1/12/23,70.82
1/11/23,72.349
1/10/23,74.723
1/9/23,74.626
1/6/23,74.566
1/5/23,78.626
1/4/23,78.525
1/3/23,80.267
12/30/22,82.024
12/29/22,81.71
12/28/22,84.111
12/27/22,80.753
12/23/22,80.849
12/22/22,82.653
12/21/22,81.246
12/20/22,86.466
12/19/22,85.037
12/16/22,83.306
12/15/22,80.549
12/14/22,75.988
12/13/22,75.815
12/12/22,78.011
12/9/22,80.395
12/8/22,81.644
12/7/22,82.069
12/6/22,82.869
12/5/22,80.034
12/2/22,77.814
12/1/22,77.035
11/30/22,75.638
11/29/22,81.011
11/28/22,82.126
11/25/22,78.02
11/23/22,77.49
11/22/22,79.806
11/21/22,81.453
11/18/22,81.856
11/17/22,83.254
11/16/22,82.943
11/15/22,82.96
11/14/22,83.383
11/10/22,83.17
11/9/22,92.236
11/8/22,88.794
11/7/22,88.517
11/4/22,90.028
11/3/22,94.037
11/2/22,91.288
11/1/22,88.751
10/31/22,90.269
10/28/22,87.525
10/27/22,93.196
10/26/22,92.363
10/25/22,92.758
10/24/22,93.644
10/21/22,94.239
10/20/22,99.101
10/19/22,96.406
10/18/22,94.316
10/17/22,98.396
10/14/22,104.063
10/13/22,101.159
10/12/22,102.465
10/11/22,103.325
10/7/22,101.445
10/6/22,98.738
10/5/22,97.158
10/4/22,97.983
10/3/22,104.326
9/30/22,108.024
9/29/22,107.335
9/28/22,106.114
9/27/22,111.153
9/26/22,109.693
9/23/22,105.909
9/22/22,102.421
9/21/22,100.584
9/20/22,98.471
9/19/22,86.798
9/16/22,89.17
9/15/22,89.239
9/14/22,85.258
9/13/22,85.991
9/12/22,79.148
9/9/22,80.98
9/8/22,83.72
9/7/22,85.496
9/6/22,91.029
9/2/22,91.966
9/1/22,90.4
8/31/22,92.37
8/30/22,91.119
8/29/22,88.255
8/26/22,86.01
8/25/22,80.873
8/24/22,82.695
8/23/22,84.691
8/22/22,84.443
8/19/22,81.016
8/18/22,77.28
8/17/22,78.169
8/16/22,75.829
8/15/22,74.323
8/12/22,73.539
8/11/22,77.484
8/10/22,76.308
8/9/22,83.03
8/8/22,80.935
8/5/22,80.65
8/4/22,80.913
8/3/22,81.4
8/2/22,84.615
8/1/22,82.361
7/29/22,80.434
7/28/22,80.559
7/27/22,83.389
7/26/22,87.235
7/25/22,85.765
7/22/22,86.015
7/21/22,83.78
7/20/22,84.691
7/19/22,85.743
7/18/22,91.288
7/15/22,90.53
7/14/22,94.687
7/13/22,94
7/12/22,92.49
7/11/22,92.228
7/8/22,90.479
7/7/22,92.995
7/6/22,98.26
7/5/22,99.095
7/1/22,100.734
6/30/22,101.159
6/29/22,100.14
6/28/22,99.32
6/27/22,95.149
6/24/22,94.149
6/23/22,98.793
6/22/22,99.935
6/21/22,97.92
6/17/22,100.018
6/16/22,102.459
6/15/22,95.16
6/14/22,98.871
6/13/22,98.5
6/10/22,91.641
6/9/22,87.389
6/8/22,83.529
6/7/22,81.298
6/6/22,81.771
6/3/22,81.597
6/2/22,79.644
6/1/22,80.788
5/31/22,79.641
5/27/22,78.983
5/26/22,81.426
5/25/22,82.644
5/24/22,87.01
5/23/22,88.255
5/20/22,90.586
5/19/22,89.806
5/18/22,90.786
5/17/22,83.844
5/16/22,86.381
5/13/22,85.39
5/12/22,87.3
5/11/22,87.789
5/10/22,87.209
5/9/22,89.205
5/6/22,86.878
5/5/22,83.45
5/4/22,78.201
5/3/22,80.421
5/2/22,82.89
4/29/22,83.649
4/28/22,80.901
4/27/22,82
4/26/22,82.188
4/25/22,76.863
4/22/22,79.529
4/21/22,75.92
4/20/22,72.718
4/19/22,74.268
4/18/22,73.454
4/14/22,72.864
4/13/22,71.519
4/12/22,72.818
4/11/22,72.824
4/8/22,70.6
4/7/22,68.219
4/6/22,67.456
4/5/22,66.135
4/4/22,63.834
4/1/22,66.499
3/31/22,67.238
3/30/22,66.293
3/29/22,66.043
3/28/22,70.266
3/25/22,72.085
3/24/22,70.829
3/23/22,71.915
3/22/22,69.711
3/21/22,72.083
3/18/22,64.233
3/17/22,65.313
3/16/22,67.32
3/15/22,72.825
3/14/22,75.403
3/11/22,74.846
3/10/22,73.359
3/9/22,71.791
3/8/22,76.341
3/7/22,77.806
3/4/22,74.438
3/3/22,71.014
3/2/22,69.464
3/1/22,71.934
2/28/22,67.668
2/25/22,66.444
2/24/22,68.48
2/23/22,70.661
2/22/22,69.245
2/18/22,68.898
2/17/22,67.641
2/16/22,65.255
2/15/22,65.849
2/14/22,67.535
2/11/22,67.836
2/10/22,65.58
2/9/22,61.504
2/8/22,62.959
2/7/22,63.57
2/4/22,63.704
2/3/22,62.399
2/2/22,59.769
2/1/22,58.38
1/31/22,60.146
1/28/22,61.075
1/27/22,62.445
1/26/22,60.45
1/25/22,58.973
1/24/22,57.945
1/21/22,58.44
1/20/22,57.544
1/19/22,55.774
1/18/22,55.01
1/14/22,53.418
1/13/22,53.148
1/12/22,51.25
1/11/22,51.674
1/10/22,52.51
1/7/22,52.614
1/6/22,51.736
1/5/22,51.73
1/4/22,49.555
1/3/22,49.529
12/31/21,49.571
12/30/21,49.801
12/29/21,49.489
12/28/21,49.379
12/27/21,48.849
12/23/21,49.805
12/22/21,50.763
12/21/21,51.775
12/20/21,53.328
12/17/21,52.629
12/16/21,52.409
12/15/21,52.337
12/14/21,53.991
12/13/21,53.488
12/10/21,53.368
12/9/21,54.7
12/8/21,53.569
12/7/21,53.603
12/6/21,56.101
12/3/21,58.456
12/2/21,57.333
12/1/21,58.663
11/30/21,57.687
11/29/21,55.083
11/26/21,57.454
11/24/21,53.02
11/23/21,53.01
11/22/21,52.671
11/19/21,51.76
11/18/21,51.085
11/17/21,50.973
11/16/21,50.638
11/15/21,50.764
11/12/21,50.776
11/10/21,51.374
11/9/21,50.146
11/8/21,49.468
11/5/21,49.411
11/4/21,50.353
11/3/21,50.878
11/2/21,51.976
11/1/21,52.563
10/29/21,52.283
10/28/21,51.221
10/27/21,51.588
10/26/21,50.975
10/25/21,51.36
10/22/21,52.085
10/21/21,51.651
10/20/21,51.24
10/19/21,51.491
10/18/21,52.145
10/15/21,52.159
10/14/21,52.14
10/13/21,54.124
10/12/21,55.05
10/8/21,53.893
10/7/21,53.293
10/6/21,53.742
10/5/21,53.744
10/4/21,53.315
10/1/21,52.366
9/30/21,53.249
9/29/21,52.181
9/28/21,52.085
9/27/21,50.946
9/24/21,50.966
9/23/21,50.856
9/22/21,51.429
9/21/21,53.156
9/20/21,53.749
9/17/21,46.761
9/16/21,46.134
9/15/21,46.179
9/14/21,46.918
9/13/21,46.708
9/10/21,47.299
9/9/21,46.934
9/8/21,46.716
9/7/21,47.25
9/3/21,46.861
9/2/21,46.383
9/1/21,46.083
8/31/21,46.1
8/30/21,46.181
8/27/21,46.56
8/26/21,48.478
8/25/21,47.821
8/24/21,48.486
8/23/21,48.549
8/20/21,49.653
8/19/21,50.468
8/18/21,50.543
8/17/21,49.711
8/16/21,48.822
8/13/21,48.4
8/12/21,49.04
8/11/21,49.898
8/10/21,50.339
8/9/21,49.435
8/6/21,49.021
8/5/21,49.625
8/4/21,50.439
8/3/21,49.777
8/2/21,49.845
7/30/21,49.79
7/29/21,48.995
7/28/21,49.05
7/27/21,49.616
7/26/21,48.656
7/23/21,48.416
7/22/21,49.133
7/21/21,48.886
7/20/21,50.724
7/19/21,52.285
7/16/21,50.055
7/15/21,49.35
7/14/21,48.603
7/13/21,48.585
7/12/21,47.923
7/9/21,48.004
7/8/21,49.014
7/7/21,47.938
7/6/21,47.562
7/2/21,46.888
7/1/21,47.614
6/30/21,47.681
6/29/21,47.836
6/28/21,47.842
6/25/21,47.215
6/24/21,47.99
6/23/21,48.756
6/22/21,49.055
6/21/21,49.51
6/18/21,50.932
6/17/21,49.646
6/16/21,49.323
6/15/21,48.662
6/14/21,48.62
6/11/21,48.287
6/10/21,48.912
6/9/21,50.225
6/8/21,50.447
6/7/21,50.421
6/4/21,50.174
6/3/21,50.899
6/2/21,50.078
6/1/21,50.06
5/28/21,50.621
5/27/21,50.939
5/26/21,51.65
5/25/21,51.993
5/24/21,51.371
5/21/21,52.44
5/20/21,52.265
5/19/21,52.941
5/18/21,52.536
5/17/21,51.532
5/14/21,50.67
5/13/21,52.303
5/12/21,53.792
5/11/21,52.27
5/10/21,51.861
5/7/21,50.363
5/6/21,51.279
5/5/21,51.072
5/4/21,50.789
5/3/21,50.263
4/30/21,50.432
4/29/21,50.039
4/28/21,50.806
4/27/21,51.534
4/26/21,51.143
4/23/21,51.163
4/22/21,52.047
4/21/21,51.505
4/20/21,52.091
4/19/21,50.72
4/16/21,50.32
4/15/21,49.995
4/14/21,51.146
4/13/21,51.224
4/12/21,50.98
4/9/21,50.879
4/8/21,50.985
4/7/21,51.798
4/6/21,51.619
4/5/21,51.289
4/2/21,50.713
4/1/21,51.236
3/31/21,53.985
3/30/21,56.508
3/29/21,56.168
3/26/21,56.334
3/25/21,57.644
3/24/21,58.086
3/23/21,57.967
3/22/21,57.475
3/19/21,52.106
3/18/21,52.47
3/17/21,50.892
3/16/21,51.975
3/15/21,51.607
3/12/21,52.689
3/11/21,52.569
3/10/21,52.933
3/9/21,55.12
3/8/21,56.155
3/5/21,53.645
3/4/21,56.494
3/3/21,54.595
3/2/21,53.369
3/1/21,52.711
2/26/21,55.873
2/25/21,56.225
2/24/21,51.708
2/23/21,52.821
2/22/21,53.8
2/19/21,51.621
2/18/21,50.998
2/17/21,50.279
2/16/21,50.565
2/12/21,50.42
2/11/21,50.256
2/10/21,50.287
2/9/21,50.78
2/8/21,50.205
2/5/21,50.804
2/4/21,51.343
2/3/21,52.619
2/2/21,52.77
2/1/21,54.986
1/29/21,56.051
1/28/21,55.436
1/27/21,55.695
1/26/21,52.686
1/25/21,51.75
1/22/21,51.078
1/21/21,50.751
1/20/21,50.758
1/19/21,50.539
1/15/21,51.981
1/14/21,50.073
1/13/21,49.836
1/12/21,51.549
1/11/21,51.17
1/8/21,49.653
1/7/21,50.118
1/6/21,51.613
1/5/21,51.738
1/4/21,52.465
12/31/20,49.896
12/30/20,51.138
12/29/20,52.184
12/28/20,52.126
12/24/20,53.935
12/23/20,54.248
12/22/20,55.78
12/21/20,55.2
12/18/20,53.278
12/17/20,52.515
12/16/20,52.944
12/15/20,52.619
12/14/20,54.193
12/11/20,53.846
12/10/20,52.974
12/9/20,52.203
12/8/20,50.99
12/7/20,50.855
12/4/20,49.936
12/3/20,49.823
12/2/20,50.141
12/1/20,49.959
11/30/20,50.106
11/27/20,51.175
11/25/20,52.205
11/24/20,51.669
11/23/20,54.283
11/20/20,56.344
11/19/20,53.829
11/18/20,54.513
11/17/20,52.7
11/16/20,52.078
11/13/20,54.476
11/12/20,54.964
11/10/20,52.976
11/9/20,52.223
11/6/20,53.359
11/5/20,53.463
11/4/20,57.464
11/3/20,59.913
11/2/20,63.091
10/30/20,65.463
10/29/20,65.158
10/28/20,63.845
10/27/20,59.918
10/26/20,58.775
10/23/20,56.566
10/22/20,57.203
10/21/20,57.115
10/20/20,57.84
10/19/20,58.469
10/16/20,56.591
10/15/20,56.568
10/14/20,56.145
10/13/20,54.874
10/9/20,53.205
10/8/20,54.835
10/7/20,55.853
10/6/20,58.363
10/5/20,56.63
10/2/20,59.901
10/1/20,58.643
9/30/20,59.214
9/29/20,60.319
9/28/20,57.674
9/25/20,59.118
9/24/20,58.308
9/23/20,57.519
9/22/20,52.5
9/21/20,52.383
9/18/20,71.371
9/17/20,69.725
9/16/20,67.785
9/15/20,67.735
9/14/20,68.703
9/11/20,69.82
9/10/20,68.788
9/9/20,66.039
9/8/20,69.1
9/4/20,66.703
9/3/20,65.841
9/2/20,62.001
9/1/20,62.033
8/31/20,65.061
8/28/20,66.523
8/27/20,67.62
8/26/20,66.576
8/25/20,65.981
8/24/20,66.246
8/21/20,67.538
8/20/20,67.518
8/19/20,67.594
8/18/20,66.101
8/17/20,66.561
8/14/20,67.8
8/13/20,67.044
8/12/20,65.218
8/11/20,66.635
8/10/20,65.809
8/7/20,64.896
8/6/20,64.576
8/5/20,64.998
8/4/20,66.29
8/3/20,67.8
7/31/20,69.283
7/30/20,69.949
7/29/20,69.649
7/28/20,71.763
7/27/20,70.286
7/24/20,70.4
7/23/20,69.485
7/22/20,69.169
7/21/20,70.125
7/20/20,70.063
7/17/20,71.459
7/16/20,72.731
7/15/20,72.05
7/14/20,74.16
7/13/20,74.789
7/10/20,73.688
7/9/20,74.989
7/8/20,72.448
7/7/20,74.4
7/6/20,71.498
7/2/20,74.131
7/1/20,74.928
6/30/20,75.879
6/29/20,78.949
6/26/20,80.886
6/25/20,78.226
6/24/20,78.508
6/23/20,74.946
6/22/20,76.13
6/19/20,78.551
6/18/20,74.561
6/17/20,71.435
6/16/20,69.184
6/15/20,69.889
6/12/20,78.958
6/11/20,81.615
6/10/20,74.522
6/9/20,72.358
6/8/20,66.636
6/5/20,64.961
6/4/20,72.445
6/3/20,73.04
6/2/20,75.641
6/1/20,78.851
5/29/20,77.4
5/28/20,77.946
5/27/20,78.943
5/26/20,83.124
5/22/20,87.206
5/21/20,85.958
5/20/20,83.95
5/19/20,90
5/18/20,90.416
5/15/20,95.806
5/14/20,95.324
5/13/20,96.709
5/12/20,93.303
5/11/20,92.61
5/8/20,90.98
5/7/20,92.169
5/6/20,93.224
5/5/20,90.065
5/4/20,90.896
5/1/20,90.4
4/30/20,86.979
4/29/20,86.885
4/28/20,91.781
4/27/20,93.168
4/24/20,94.144
4/23/20,93.689
4/22/20,94.481
4/21/20,98.063
4/20/20,93.474
4/17/20,86.968
4/16/20,87.928
4/15/20,87.416
4/14/20,82.608
4/13/20,83.14
4/9/20,81.849
4/8/20,104.886
4/7/20,112.493
4/6/20,116.969
4/3/20,127.55
4/2/20,123.313
4/1/20,126.144
3/31/20,113.051
3/30/20,107.875
3/27/20,111.889
3/26/20,96.658
3/25/20,103.168
3/24/20,107.974
3/23/20,121.563
3/20/20,151.798
3/19/20,141.838
3/18/20,140.969
3/17/20,123.233
3/16/20,124.226
3/13/20,107.488
3/12/20,138.875
3/11/20,117.418
3/10/20,106.75
3/9/20,110.94
3/6/20,83.157
3/5/20,73.253
3/4/20,65.835
3/3/20,71.326
3/2/20,64.6
2/28/20,66.478
2/27/20,64.581
2/26/20,57.685
2/25/20,55.409
2/24/20,53.071
2/21/20,46.546
2/20/20,45.356
2/19/20,44.518
2/18/20,44.674
2/14/20,44.266
2/13/20,43.75
2/12/20,43.81
2/11/20,44.834
2/10/20,45.271
2/7/20,46.129
2/6/20,45.335
2/5/20,44.855
2/4/20,47.061
2/3/20,50.075
1/31/20,50.155
1/30/20,47.535
1/29/20,48.016
1/28/20,46.646
1/27/20,49.308
1/24/20,47.025
1/23/20,46.02
1/22/20,45.071
1/21/20,45.763
1/17/20,44.053
1/16/20,44.054
1/15/20,44.715
1/14/20,44.716
1/13/20,44.133
1/10/20,44.195
1/9/20,43.844
1/8/20,45.113
1/7/20,46.665
1/6/20,46.049
1/3/20,45.835
1/2/20,44.155
12/31/19,45.266
12/30/19,44.975
12/27/19,43.948
12/26/19,43.978
12/24/19,44.599
12/23/19,45.041
12/20/19,45.116
12/19/19,45.708
12/18/19,45.773
12/17/19,45.814
12/16/19,46.135
12/13/19,47.86
12/12/19,47.802
12/11/19,49.175
12/10/19,49.875
12/9/19,50.183
12/6/19,49.205
12/5/19,50.463
12/4/19,50.395
12/3/19,52.192
12/2/19,51.546
11/29/19,50.03
11/27/19,49.565
11/26/19,49.19
11/25/19,50.028
11/22/19,51.461
11/21/19,52.891
11/20/19,52.77
11/19/19,52.143
11/18/19,51.253
11/15/19,51.26
11/14/19,52.421
11/13/19,52.221
11/12/19,51.724
11/8/19,51.299
11/7/19,51.17
11/6/19,51.883
11/5/19,51.86
11/4/19,51.466
11/1/19,52.9
10/31/19,55.056
10/30/19,54.213
10/29/19,54.488
10/28/19,53.328
10/25/19,53.598
10/24/19,54.619
10/23/19,54.144
10/22/19,54.633
10/21/19,53.798
10/18/19,54.905
10/17/19,55.63
10/16/19,56.068
10/15/19,56.236
10/11/19,57.239
10/10/19,59.973
10/9/19,61.432
10/8/19,63.091
10/7/19,61.145
10/4/19,60.242
10/3/19,62.726
10/2/19,63.389
10/1/19,60.645
9/30/19,59.8
9/27/19,61.685
9/26/19,60.845
9/25/19,60.1
9/24/19,60.968
9/23/19,58.984
9/20/19,59.723
9/19/19,51.803
9/18/19,50.828
9/17/19,51.503
9/16/19,51.039
9/13/19,50.066
9/12/19,50.098
9/11/19,50.834
9/10/19,52.06
9/9/19,51.724
9/6/19,51.233
9/5/19,52.215
9/4/19,53.883
9/3/19,55.384
8/30/19,54.055
8/29/19,53.956
8/28/19,55.153
8/27/19,56.619
8/26/19,56.298
8/23/19,58.52
8/22/19,54.61
8/21/19,54.58
8/20/19,56.977
8/19/19,55.434
8/16/19,58.193
8/15/19,61.946
8/14/19,62.394
8/13/19,56.783
8/12/19,61.751
8/9/19,59.07
8/8/19,58.178
8/7/19,59.99
8/6/19,59.525
8/5/19,62.471
8/2/19,56.644
8/1/19,55.788
7/31/19,55.175
7/30/19,52.506
7/29/19,52.646
7/26/19,51.245
7/25/19,51.145
7/24/19,49.661
7/23/19,50.764
7/22/19,52.735
7/19/19,53.981
7/18/19,52.923
7/17/19,54.659
7/16/19,54.05
7/15/19,53.438
7/12/19,53.48
7/11/19,53.42
7/10/19,52.452
7/9/19,53.846
7/8/19,54.706
7/5/19,53.176
7/3/19,51.669
7/2/19,52.13
7/1/19,52.705
6/28/19,54.149
6/27/19,55.748
6/26/19,57.325
6/25/19,58.194
6/24/19,55.604
6/21/19,55.459
6/20/19,53.77
6/19/19,55.263
6/18/19,57.568
6/17/19,60.504
6/14/19,61.451
6/13/19,60.368
6/12/19,61.544
6/11/19,60.073
6/10/19,60.301
6/7/19,62.21
6/6/19,63.74
6/5/19,64.096
6/4/19,65.449
6/3/19,69.735
5/31/19,70.189
5/30/19,66.719
5/29/19,67.209
5/28/19,66.605
5/24/19,64.75
5/23/19,65.026
5/22/19,63.346
5/21/19,62.903
5/20/19,64.064
5/17/19,63.4
5/16/19,62.288
5/15/19,63.459
5/14/19,63.39
5/13/19,65.604
5/10/19,60.607
5/9/19,63.053
5/8/19,62.229
5/7/19,60.883
5/6/19,58.589
5/3/19,57.624
5/2/19,58.859
5/1/19,58.925
4/30/19,57.401
4/29/19,57.745
4/26/19,57.146
4/25/19,58.621
4/24/19,58.148
4/23/19,56.827
4/22/19,57.973
4/18/19,57.494
4/17/19,57.643
4/16/19,57.364
4/15/19,56.426
4/12/19,56.26
4/11/19,58.8
4/10/19,59.428
4/9/19,60.754
4/8/19,60.019
4/5/19,60.038
4/4/19,61.141
4/3/19,61.938
4/2/19,62.17
4/1/19,61.614
3/29/19,63.381
3/28/19,66.275
3/27/19,68.344
3/26/19,68.181
3/25/19,68.801
3/22/19,68.131
3/21/19,64.507
3/20/19,65.788
3/19/19,57.633
3/18/19,57.185
3/15/19,57.927
3/14/19,58.428
3/13/19,58.145
3/12/19,59.58
3/11/19,59.981
3/8/19,63.637
3/7/19,63.948
3/6/19,62.89
3/5/19,61.194
3/4/19,59.823
3/1/19,59.279
2/28/19,60.159
2/27/19,59.725
2/26/19,60.559
2/25/19,61.001
2/22/19,61.381
2/21/19,61.903
2/20/19,60.471
2/19/19,61.437
2/15/19,62.515
2/14/19,64.923
2/13/19,65.2
2/12/19,64.779
2/11/19,67.84
2/8/19,67.184
2/7/19,68.498
2/6/19,66.109
2/5/19,64.202
2/4/19,65.122
2/1/19,66.861
1/31/19,66.113
1/30/19,69.142
1/29/19,72.4
1/28/19,73.138
1/25/19,72.243
1/24/19,74.101
1/23/19,74.184
1/22/19,75.574
1/18/19,72.484
1/17/19,73.555
1/16/19,76.321
1/15/19,76.393
1/14/19,79.37
1/11/19,77.521
1/10/19,77.11
1/9/19,79.109
1/8/19,78.62
1/7/19,81.38
1/4/19,83.644
1/3/19,90.171
1/2/19,88.788
12/31/18,87.749
12/28/18,88.241
12/27/18,89.401
12/26/18,87.681
12/24/18,94.912
12/21/18,92.512
12/20/18,89.626
12/19/18,86.131
12/18/18,81.719
12/17/18,81.993
12/14/18,79.33
12/13/18,76.82
12/12/18,77.914
12/11/18,80.096
12/10/18,81.388
12/7/18,82.75
12/6/18,79.273
12/4/18,79.146
12/3/18,74.514
11/30/18,74.964
11/29/18,74.509
11/28/18,73.6
11/27/18,78.455
11/26/18,78.94
11/23/18,80.281
11/21/18,78.2
11/20/18,79.158
11/19/18,77.002
11/16/18,74.272
11/15/18,73.218
11/14/18,71.685
11/13/18,69.421
11/9/18,66.64
11/8/18,63.549
11/7/18,62.476
11/6/18,64.241
11/5/18,65.14
11/2/18,66.043
11/1/18,66.916
10/31/18,68.758
10/30/18,69.207
10/29/18,70.719
10/26/18,69.981
10/25/18,69.151
10/24/18,69.702
10/23/18,67.424
10/22/18,67.969
10/19/18,67.518
10/18/18,67.416
10/17/18,64.082
10/16/18,63.426
10/15/18,66.018
10/12/18,64.198
10/11/18,65.729
10/10/18,65.742
10/9/18,61.669
10/5/18,61.398
10/4/18,60.52
10/3/18,59.267
10/2/18,59.213
10/1/18,58.074
9/28/18,59.18
9/27/18,59.42
9/26/18,61.152
9/25/18,62.256
9/24/18,62.799
9/21/18,61.535
9/20/18,60.939
9/19/18,56.215
9/18/18,55.996
9/17/18,56.83
9/14/18,55.828
9/13/18,55.54
9/12/18,57.106
9/11/18,58.074
9/10/18,57.866
9/7/18,59.846
9/6/18,59.886
9/5/18,60.218
9/4/18,60.51
8/31/18,59.94
8/30/18,60.37
8/29/18,58.526
8/28/18,58.324
8/27/18,58.453
8/24/18,59.722
8/23/18,60.713
8/22/18,59.848
8/21/18,60.274
8/20/18,61.47
8/17/18,60.994
8/16/18,61.41
8/15/18,62.506
8/14/18,61.221
8/13/18,62.107
8/10/18,61.418
8/9/18,59.269
8/8/18,58.059
8/7/18,58.115
8/6/18,58.58
8/3/18,58.988
8/2/18,58.798
8/1/18,58.563
7/31/18,57.984
7/30/18,58.993
7/27/18,58.3
7/26/18,57.673
7/25/18,59.219
7/24/18,60.928
7/23/18,61.539
7/20/18,61.638
7/19/18,61.833
7/18/18,60.715
7/17/18,60.38
7/16/18,60.945
7/13/18,60.525
7/12/18,61.585
7/11/18,63.53
7/10/18,62.294
7/9/18,62.156
7/6/18,63.998
7/5/18,66.052
7/3/18,67.351
7/2/18,67.97
6/29/18,67.595
6/28/18,68.03
6/27/18,68.096
6/26/18,65.77
6/25/18,66.754
6/22/18,64.566
6/21/18,64.969
6/20/18,63.05
6/19/18,62.951
6/18/18,60.976
6/15/18,60.48
6/14/18,61.354
6/13/18,63.535
6/12/18,63.682
6/11/18,64.51
6/8/18,66.341
6/7/18,66.779
6/6/18,63.742
6/5/18,64.169
6/4/18,63.852
6/1/18,65.14
5/31/18,66.808
5/30/18,65.181
5/29/18,67.378
5/25/18,63.221
5/24/18,62.139
5/23/18,61.933
5/22/18,61.574
5/21/18,61.792
5/18/18,61.884
5/17/18,60.906
5/16/18,60.93
5/15/18,61.275
5/14/18,59.648
5/11/18,59.294
5/10/18,59.521
5/9/18,61.252
5/8/18,62.434
5/7/18,62.035
5/4/18,61.606
5/3/18,62.349
5/2/18,61.507
5/1/18,60.792
4/30/18,60.698
4/27/18,60.154
4/26/18,60.093
4/25/18,61.533
4/24/18,62.275
4/23/18,61.76
4/20/18,60.874
4/19/18,60.125
4/18/18,59.315
4/17/18,59.264
4/16/18,59.338
4/13/18,61.339
4/12/18,61.723
4/11/18,63.385
4/10/18,62.817
4/9/18,64.932
4/6/18,65.299
4/5/18,63.193
4/4/18,63.776
4/3/18,66.447
4/2/18,67.62
3/29/18,65.557
3/28/18,67.346
3/27/18,67.376
3/26/18,65.078
3/23/18,68.982
3/22/18,65.67
3/21/18,61.6
3/20/18,62.843
3/19/18,54.876
3/16/18,53.538
3/15/18,54.901
3/14/18,55.059
3/13/18,54.339
3/12/18,53.747
3/9/18,54.339
3/8/18,56.12
3/7/18,56.77
3/6/18,56.262
3/5/18,55.361
3/2/18,55.924
3/1/18,57.787
2/28/18,56.256
2/27/18,55.277
2/26/18,53.32
2/23/18,55.314
2/22/18,57.03
2/21/18,55.68
2/20/18,54.5
2/16/18,51.382
2/15/18,52.971
2/14/18,56.17
2/13/18,58.036
2/12/18,57.531
2/9/18,60.305
2/8/18,60.101
2/7/18,55.073
2/6/18,52.982
2/5/18,55.762
2/2/18,50.38
2/1/18,48.018
1/31/18,47.28
1/30/18,47.168
1/29/18,46.543
1/26/18,45.257
1/25/18,46.21
1/24/18,46.575
1/23/18,46.07
1/22/18,46.885
1/19/18,47.515
1/18/18,47.992
1/17/18,47.998
1/16/18,48.007
1/12/18,47.068
1/11/18,46.832
1/10/18,46.777
1/9/18,46.452
1/8/18,45.382
1/5/18,45.518
1/4/18,45.877
1/3/18,47.095
1/2/18,48.455
12/29/17,49.02
12/28/17,49.43
12/27/17,48.693
12/26/17,49.007
12/22/17,49.482
12/21/17,48.55
12/20/17,49.083
12/19/17,49.758
12/18/17,49.52
12/15/17,50.341
12/14/17,51.019
12/13/17,50.339
12/12/17,50.525
12/11/17,50.262
12/8/17,50.914
12/7/17,51.607
12/6/17,52.316
12/5/17,51.968
12/4/17,51.768
12/1/17,52.389
11/30/17,52.088
11/29/17,52.908
11/28/17,52.245
11/27/17,53.532
11/24/17,52.332
11/22/17,52.507
11/21/17,53.062
11/20/17,54.725
11/17/17,55.35
11/16/17,54.993
11/15/17,57.198
11/14/17,57.397
11/13/17,56.424
11/10/17,56.042
11/9/17,55.949
11/8/17,55.011
11/7/17,54.452
11/6/17,53.152
11/3/17,53.4
11/2/17,52.98
11/1/17,53.023
10/31/17,52.15
10/30/17,52.986
10/27/17,52.762
10/26/17,54.105
10/25/17,54.201
10/24/17,53.19
10/23/17,52.924
10/20/17,52.198
10/19/17,53.37
10/18/17,53.731
10/17/17,53.936
10/16/17,54.242
10/13/17,54.574
10/12/17,55.649
10/11/17,54.761
10/10/17,54.27
10/6/17,54.244
10/5/17,53.204
10/4/17,54.471
10/3/17,54.177
10/2/17,54.628
9/29/17,55.632
9/28/17,56.615
9/27/17,57.472
9/26/17,58.712
9/25/17,59.438
9/22/17,59.906
9/21/17,59.556
9/20/17,58.719
9/19/17,54.961
9/18/17,55.859
9/15/17,56.095
9/14/17,56.695
9/13/17,56.04
9/12/17,56.164
9/11/17,57.395
9/8/17,60.274
9/7/17,59.255
9/6/17,58.618
9/5/17,59.159
9/1/17,57.116
8/31/17,57.892
8/30/17,59.073
8/29/17,60.071
8/28/17,59.519
8/25/17,59.698
8/24/17,60.185
8/23/17,61.114
8/22/17,60.299
8/21/17,62.144
8/18/17,62.35
8/17/17,62.681
8/16/17,59.628
8/15/17,59.634
8/14/17,59.632
8/11/17,61.462
8/10/17,62.176
8/9/17,59.515
8/8/17,59.185
8/7/17,57.813
8/4/17,57.715
8/3/17,57.344
8/2/17,56.295
8/1/17,56.411
7/31/17,57.226
7/28/17,57.647
7/27/17,57.426
7/26/17,56.505
7/25/17,56.283
7/24/17,56.283
7/21/17,56.9
7/20/17,56.999
7/19/17,56.972
7/18/17,57.349
7/17/17,57.477
7/14/17,58.167
7/13/17,58.768
7/12/17,59.908
7/11/17,61.788
7/10/17,61.78
7/7/17,61.644
7/6/17,62.301
7/5/17,61.222
7/3/17,60.415
6/30/17,60.519
6/29/17,61.539
6/28/17,60.219
6/27/17,61.578
6/26/17,59.593
6/23/17,60.355
6/22/17,61.442
6/21/17,62.854
6/20/17,61.554
6/19/17,59.938
6/16/17,61.502
6/15/17,60.345
6/14/17,58.735
6/13/17,58.732
6/12/17,59.994
6/9/17,60.69
6/8/17,61.078
6/7/17,61.1
6/6/17,60.735
6/5/17,60.217
6/2/17,59.826
6/1/17,60.438
5/31/17,61.585
5/30/17,62.313
5/26/17,62.2
5/25/17,62.058
5/24/17,61.893
5/23/17,61.868
5/22/17,62.2
5/19/17,63.528
5/18/17,64.541
5/17/17,65.624
5/16/17,61.693
5/15/17,61.636
5/12/17,62.618
5/11/17,62.156
5/10/17,61.62
5/9/17,62.431
5/8/17,62.316
5/5/17,61.879
5/4/17,63.253
5/3/17,62.648
5/2/17,62.882