Date,SPX_LAST,SPX,PX_VOLUME
5/1/23,4119.58,4116.39,#N/A N/A
5/1/23,4167.87,4161.33,601402036
4/28/23,4169.48,4165.81,787608270
4/27/23,4135.35,4138.22,702603285
4/26/23,4055.99,4069.59,687858779
4/25/23,4071.63,4100.59,652256285
4/24/23,4137.04,4129.63,546190361
4/21/23,4133.52,4131.02,673695731
4/20/23,4129.79,4131.44,650426296
4/19/23,4154.52,4149.68,544963738
4/18/23,4154.87,4161.83,557170578
4/17/23,4151.32,4149.19,570112694
4/14/23,4137.64,4144.63,565824739
4/13/23,4146.22,4141.91,623387846
4/12/23,4091.95,4088.03,590457622
4/11/23,4108.94,4110.17,538398239
4/10/23,4109.11,4111.52,530133222
4/6/23,4105.02,4107.92,567174261
4/5/23,4090.38,4084.75,648894831
4/4/23,4100.6,4100.69,623143201
4/3/23,4124.51,4123.19,656322603
3/31/23,4109.31,4117.48,805421222
3/30/23,4050.83,4051.44,535941328
3/29/23,4027.81,4022.72,626882401
3/28/23,3971.27,3972.39,510304653
3/27/23,3977.53,3979.28,640358337
3/24/23,3970.99,3974.47,686692170
3/23/23,3948.72,3955.58,761870844
3/22/23,3936.97,3943.94,692852985
3/21/23,4002.87,3997.15,815755012
3/20/23,3951.57,3951.01,809318155
3/17/23,3916.64,3909.3,2635067540
3/16/23,3960.28,3959,933059347
3/15/23,3891.93,3893.45,999772376
3/14/23,3919.29,3912.23,935067941
3/13/23,3855.76,3857.52,1009987819
3/10/23,3861.59,3876.92,833959877
3/9/23,3918.32,3913.77,687977276
3/8/23,3992.01,3994.52,539008248
3/7/23,3986.37,3988.1,621492593
3/6/23,4048.42,4047.11,612740212
3/3/23,4045.64,4048.22,618166137
3/2/23,3981.35,3975.36,610373912
3/1/23,3951.39,3955.77,605989833
2/28/23,3970.15,3965.94,976126672
2/27/23,3982.24,3983.47,553023498
2/24/23,3970.04,3968.91,603607841
2/23/23,4012.32,4006.76,619624415
2/22/23,3991.05,4004.16,618373661
2/21/23,3997.34,4002.01,681820082
2/17/23,4079.09,4079.76,672640488
2/16/23,4090.41,4086.49,604958840
2/15/23,4147.6,4150.67,560590364
2/14/23,4136.13,4130.62,596475366
2/13/23,4137.29,4141.45,601223890
2/10/23,4090.46,4087.84,615231190
2/9/23,4081.5,4094.93,689749135
2/8/23,4117.86,4126.88,651034169
2/7/23,4164,4153.66,675865264
2/6/23,4111.08,4117.21,590026670
2/3/23,4136.48,4138.71,735516487
2/2/23,4179.76,4145.1,845209740
2/1/23,4119.21,4138.7,791134659
1/31/23,4076.6,4067.59,949382016
1/30/23,4017.77,4022.09,591870717
1/27/23,4070.56,4067.34,627301536
1/26/23,4060.43,4053.12,609400783
1/25/23,4016.22,4013.96,612496177
1/24/23,4016.95,4029.07,485960316
1/23/23,4019.81,4019.43,615965463
1/20/23,3972.61,3974.23,831430861
1/19/23,3898.85,3914.81,661096852
1/18/23,3928.86,3928.52,673911697
1/17/23,3990.97,3991.46,678250927
1/13/23,3999.09,3999.74,573948029
1/12/23,3983.17,3986.45,632425453
1/11/23,3969.61,3978.76,640790420
1/10/23,3919.25,3921.63,551554241
1/9/23,3892.09,3882.64,668427994
1/6/23,3895.08,3895.35,662209787
1/5/23,3808.1,3814.78,632401697
1/4/23,3852.97,3850.83,721505963
1/3/23,3824.14,3826.73,661196995
12/30/22,3839.5,3844.16,511646744
12/29/22,3849.28,3840.7,466689122
12/28/22,3783.22,3773.48,438066309
12/27/22,3829.25,3830.95,449987371
12/23/22,3844.82,3842.28,407580902
12/22/22,3822.39,3818.05,619178091
12/21/22,3878.44,3882.84,578914467
12/20/22,3821.62,3834.54,605329585
12/19/22,3817.66,3819.6,666048676
12/16/22,3852.36,3845.64,2480939005
12/15/22,3895.75,3897.31,794832028
12/14/22,3995.32,4005.8,750666785
12/13/22,4019.65,4023.02,899986278
12/12/22,3990.56,3989.32,618637066
12/9/22,3934.38,3935.1,581894582
12/8/22,3963.51,3965.66,582572156
12/7/22,3933.92,3934.19,630212851
12/6/22,3941.26,3943.17,645745573
12/5/22,3998.84,4003.52,589437350
12/2/22,4071.7,4063.19,549183011
12/1/22,4076.57,4072.46,634096215
11/30/22,4080.11,4080.78,1406250061
11/29/22,3957.63,3958.73,517449991
11/28/22,3963.94,3970.87,602117953
11/25/22,4026.12,4026.47,234910107
11/23/22,4027.26,4033.08,435535386
11/22/22,4003.58,4002.33,541739025
11/21/22,3949.94,3952.27,554670309
11/18/22,3965.34,3964.49,658595061
11/17/22,3946.56,3950.8,560693716
11/16/22,3958.79,3965.2,627011652
11/15/22,3991.73,3986.23,714032354
11/14/22,3957.25,3970.65,673077472
11/11/22,3992.93,3989.17,760721714
11/10/22,3956.37,3965.1,927953225
11/9/22,3748.57,3762.94,667333976
11/8/22,3828.11,3832.06,646743771
11/7/22,3806.8,3807.66,650238172
11/4/22,3770.55,3768.7,761563917
11/3/22,3719.89,3732.46,716136387
11/2/22,3759.69,3776.3,818922185
11/1/22,3856.1,3857.32,656134881
10/31/22,3871.98,3875.17,846805519
10/28/22,3901.06,3919.98,743160632
10/27/22,3807.3,3777.73,831854609
10/26/22,3830.6,3834.14,760715393
10/25/22,3859.11,3835.45,705721791
10/24/22,3797.34,3787.8,677220105
10/21/22,3752.75,3755.33,902210712
10/20/22,3665.78,3662.2,676528338
10/19/22,3695.16,3697.57,622566954
10/18/22,3719.98,3749.34,678666508
10/17/22,3677.95,3689.75,718643423
10/14/22,3583.07,3580.63,736480578
10/13/22,3669.91,3667.23,840635099
10/12/22,3577.03,3583.9,645865085
10/11/22,3588.84,3599.73,726546333
10/10/22,3612.39,3613.85,604053203
10/7/22,3639.66,3640.58,758416449
10/6/22,3744.52,3716.55,648035050
10/5/22,3783.28,3784.65,640842252
10/4/22,3790.93,3792.46,745745604
10/3/22,3678.43,3679.27,766197451
9/30/22,3585.62,3587.32,983136358
9/29/22,3640.47,3639.72,697035050
9/28/22,3719.04,3716.74,732847345
9/27/22,3647.29,3651.87,679015206
9/26/22,3655.04,3652.04,704873378
9/23/22,3693.23,3697.63,730013187
9/22/22,3757.99,3764.37,638070812
9/21/22,3789.93,3780.64,651302741
9/20/22,3855.93,3869.46,606929201
9/19/22,3899.89,3915.55,609422581
9/16/22,3873.33,3881.29,2094243147
9/15/22,3901.35,3878.97,687378056
9/14/22,3946.01,3961.95,691169482
9/13/22,3932.69,3930.98,773233070
9/12/22,4110.41,4116.76,578184458
9/9/22,4067.36,4062.67,575854427
9/8/22,4006.18,4010.75,623635825
9/7/22,3979.87,3982.97,618640703
9/6/22,3908.19,3911.93,647281913
9/2/22,3924.26,3936.99,580546167
9/1/22,3966.85,3983.36,638301086
8/31/22,3955,3963.91,861114671
8/30/22,3986.16,3990.05,554484400
8/29/22,4030.61,4036.93,504890270
8/26/22,4057.66,4056.48,632873060
8/25/22,4199.12,4198.89,495806120
8/24/22,4140.77,4144.88,465969529
8/23/22,4128.73,4128.76,454368791
8/22/22,4137.99,4144.54,536127321
8/19/22,4228.48,4224.8,646495291
8/18/22,4283.74,4283.62,461194130
8/17/22,4274.04,4272.3,497636886
8/16/22,4305.2,4304.38,482206193
8/15/22,4297.14,4292.79,458693998
8/12/22,4280.15,4270.8,508595647
8/11/22,4207.27,4213.77,523109239
8/10/22,4210.24,4203.88,603251537
8/9/22,4122.47,4125.35,527734636
8/8/22,4140.06,4146.46,532468335
8/5/22,4145.19,4138.49,542444702
8/4/22,4151.94,4147.81,579958906
8/3/22,4155.17,4149.17,653186666
8/2/22,4091.19,4094.6,585426955
8/1/22,4118.63,4117.42,614462306
7/29/22,4130.29,4124.41,990186880
7/28/22,4072.43,4106.23,640030686
7/27/22,4023.61,4017.97,682004735
7/26/22,3921.05,3936.01,574718014
7/25/22,3966.84,3949.2,520141281
7/22/22,3961.63,3961.69,594322444
7/21/22,3998.95,3978.15,633920961
7/20/22,3959.9,3949.05,621376460
7/19/22,3936.69,3951.34,659890407
7/18/22,3830.85,3837.6,593561439
7/15/22,3863.16,3858.44,722839300
7/14/22,3790.38,3799.52,579289857
7/13/22,3801.78,3795.23,560882002
7/12/22,3818.8,3822.08,583507688
7/11/22,3854.43,3856.15,506095661
7/8/22,3899.38,3907.38,484507487
7/7/22,3902.62,3897.11,596928101
7/6/22,3845.08,3849.1,615703520
7/5/22,3831.39,3838.52,669970316
7/1/22,3825.33,3833.9,605698751
6/30/22,3785.38,3776.39,846482439
6/29/22,3818.83,3818.73,536713686
6/28/22,3821.55,3826.92,613334223
6/27/22,3900.11,3903.87,605653122
6/24/22,3911.74,3905.7,1203366613
6/23/22,3795.73,3793.54,651222924
6/22/22,3759.89,3753.87,741292745
6/21/22,3764.79,3766.49,795205668
6/17/22,3674.84,3683.48,2161936243
6/16/22,3666.77,3673.64,893345264
6/15/22,3789.99,3796.87,818290184
6/14/22,3735.48,3734.14,709747806
6/13/22,3749.63,3761.77,844701200
6/10/22,3900.86,3903.21,701847225
6/9/22,4017.82,4019.01,576523171
6/8/22,4115.77,4117.48,494409660
6/7/22,4160.68,4149.35,543992416
6/6/22,4121.43,4123.5,483437955
6/3/22,4108.54,4107.57,506051939
6/2/22,4176.82,4178.91,556442461
6/1/22,4101.23,4091.38,588790984
5/31/22,4132.15,4136.71,1495412071
5/27/22,4158.24,4164.61,606795856
5/26/22,4057.84,4048.52,659094355
5/25/22,3978.73,3969.62,639248153
5/24/22,3941.48,3944.91,626587548
5/23/22,3973.75,3955.36,631460912
5/20/22,3901.36,3894.35,844641873
5/19/22,3900.79,3904.42,704614833
5/18/22,3923.68,3902.66,732386463
5/17/22,4088.85,4087.72,624875961
5/16/22,4008.01,4009.18,561129818
5/13/22,4023.89,4012.88,655747812
5/12/22,3930.08,3905.6,826698830
5/11/22,3935.18,3950.66,744675399
5/10/22,4001.05,3993.05,790371051
5/9/22,3991.24,3986.77,804816677
5/6/22,4123.34,4304.63,716333425
5/5/22,4146.87,4811.07,803991512
5/4/22,4300.17,5182.51,751049645
5/3/22,4175.48,4478.99,643786613
5/2/22,4155.38,4147.33,729216058
4/29/22,4131.93,4771.7,929282250
4/28/22,4287.5,5212.7,697196926
4/27/22,4183.96,5513.4,681879093
4/26/22,4175.2,4914.85,698291135
4/25/22,4296.12,5077.36,722679540
4/22/22,4271.78,4559.35,691753316
4/21/22,4393.66,4772.42,668508930
4/20/22,4459.45,4476.92,600434758
4/19/22,4462.21,4437.26,582040500
4/18/22,4391.69,4402.85,519323212
4/14/22,4392.59,4390.27,690094610
4/13/22,4446.59,4445.58,537939700
4/12/22,4397.45,4401.88,553125394
4/11/22,4412.53,4414.12,641643581
4/8/22,4488.28,4479.4,566893224
4/7/22,4500.21,4517.81,633556772
4/6/22,4481.15,4489.5,707574539
4/5/22,4525.12,4535.02,616401834
4/4/22,4582.64,4590.35,571697450
4/1/22,4545.86,4552.48,681128651
3/31/22,4530.41,4543.51,828500682
3/30/22,4602.45,4602.04,550986450
3/29/22,4631.6,4637.56,593642465
3/28/22,4575.52,4580.6,522750147
3/25/22,4543.06,4611.06,513752326
3/24/22,4520.16,4518.47,537385678
3/23/22,4456.24,4458.68,594060997
3/22/22,4511.61,4506.38,656621816
3/21/22,4461.18,4467.48,675390417
3/18/22,4463.12,4505.57,2125139258
3/17/22,4411.67,4400.87,660090863
3/16/22,4357.86,4371.25,800463717
3/15/22,4262.45,4358.6,741652578
3/14/22,4173.11,4176.43,722842773
3/11/22,4204.31,4210.9,629698949
3/10/22,4259.52,4289.83,650304968
3/9/22,4277.88,4289.34,791121933
3/8/22,4170.7,4169.89,920407720
3/7/22,4201.09,4187.77,888361731
3/4/22,4328.87,4331.55,744135346
3/3/22,4363.49,4369.9,696400599
3/2/22,4386.54,4371.7,737531407
3/1/22,4306.26,4311.07,848578485
2/28/22,4373.94,4359.14,1036764861
2/25/22,4384.65,4376.51,713492661
2/24/22,4288.7,4262.46,991044156
2/23/22,4225.5,4211.41,665717418
2/22/22,4304.76,4319.05,719202707
2/18/22,4348.87,4348.35,791007319
2/17/22,4380.26,4377.38,600019301
2/16/22,4475.01,4462.01,592449865
2/15/22,4471.07,4451.59,597267582
2/14/22,4401.67,4397.7,685108730
2/11/22,4418.64,4447.51,759825867
2/10/22,4504.08,4493.01,665777806
2/9/22,4587.18,4582.98,604072880
2/8/22,4521.54,4516.35,603438608
2/7/22,4483.87,4495.67,605777573
2/4/22,4500.53,4517.97,667032993
2/3/22,4477.44,4534.13,701665518
2/2/22,4589.38,4526.91,769385282
2/1/22,4546.54,4554.47,693891153
1/31/22,4515.55,4514.43,978232011
1/28/22,4431.85,4430.52,741272695
1/27/22,4326.51,4424.31,762182337
1/26/22,4349.93,4473.29,833935669
1/25/22,4356.45,4310.23,822737775
1/24/22,4410.13,4395.98,1051278037
1/21/22,4397.94,4390.59,943246550
1/20/22,4482.73,4456.34,636159973
1/19/22,4532.76,4528.7,636487918
1/18/22,4577.11,4689.02,753096554
1/14/22,4662.85,4663.87,636663732
1/13/22,4659.03,4664.24,584414857
1/12/22,4726.35,4737.37,541651884
1/11/22,4713.07,4717.23,577885612
1/10/22,4670.29,5132.7,727218821
1/7/22,4677.03,4673.49,633523555
1/6/22,4696.05,4704.06,624580056
1/5/22,4700.58,4784.82,729435695
1/4/22,4793.54,4779.99,696748115
1/3/22,4796.56,4800.37,586380432
12/31/21,4766.18,4768.25,422910995
12/30/21,4778.73,5021.06,331532829
12/29/21,4793.06,4789.55,366001664
12/28/21,4786.35,4812.46,356766672
12/27/21,4791.19,4925.1,394681060
12/23/21,4725.79,4740.2,433265169
12/22/21,4696.56,4789.27,456478344
12/21/21,4649.23,4637.6,620141359
12/20/21,4568.02,4609.89,681243755
12/17/21,4620.64,4631.31,2106461522
12/16/21,4668.67,4925.29,754929127
12/15/21,4709.85,4710.22,697669987
12/14/21,4634.09,4783.93,720179717
12/13/21,4668.97,4786.67,675622203
12/10/21,4712.02,4800.28,543943477
12/9/21,4667.45,4667.58,511811272
12/8/21,4701.21,4737.04,574428675
12/7/21,4686.75,4937.34,685661387
12/6/21,4591.67,4736.38,688424643
12/3/21,4538.43,4530.06,730855410
12/2/21,4577.1,4713.36,769875014
12/1/21,4513.04,4599.39,759376583
11/30/21,4567,4588.22,1494491586
11/29/21,4655.27,4839.8,684025293
11/26/21,4594.62,4595.45,532795045
11/24/21,4701.46,4938.58,518402735
11/23/21,4690.7,4686.09,562663117
11/22/21,4682.94,4688.12,634155773
11/19/21,4697.96,4846.44,679610350
11/18/21,4704.54,4751.53,552099195
11/17/21,4688.67,4698.28,507249306
11/16/21,4700.9,4958.99,495076558
11/15/21,4682.8,4693.49,488967486
11/12/21,4682.85,4859.15,471249412
11/11/21,4649.27,4658.68,424400846
11/10/21,4646.71,4644.89,540677649
11/9/21,4685.25,4686.79,535583099
11/8/21,4701.7,4724.66,540240231
11/5/21,4697.53,4695.92,611250916
11/4/21,4680.06,4842.16,619826033
11/3/21,4660.57,5068.22,565270412
11/2/21,4630.65,4943.71,546276599
11/1/21,4613.67,4630.14,520161990
10/29/21,4605.38,4619.09,703313423
10/28/21,4596.42,4784.25,535840853
10/27/21,4551.68,4679.23,561003622
10/26/21,4574.79,4715.6,509930521
10/25/21,4566.48,4993.16,502385574
10/22/21,4544.9,4867.18,466677459
10/21/21,4549.78,4856.68,480161207
10/20/21,4536.19,4662.62,463182018
10/19/21,4519.63,4519.72,424917824
10/18/21,4486.46,4633.95,510061348
10/15/21,4471.37,4757.61,660923201
10/14/21,4438.26,4470.14,523662587
10/13/21,4363.8,4364.44,520806009
10/12/21,4350.65,4340.43,529787814
10/11/21,4361.19,4504.35,434331952
10/8/21,4391.34,4394.96,442878221
10/7/21,4399.76,4402.52,513804708
10/6/21,4363.55,4371.85,560551489
10/5/21,4345.72,4342.47,544456116
10/4/21,4300.46,4309.2,694916561
10/1/21,4357.04,4624.65,599123734
9/30/21,4307.54,4307.9,708255694
9/29/21,4359.46,4369.63,510256048
9/28/21,4352.63,6122.81,660042766
9/27/21,4443.11,4437.41,533785390
9/24/21,4455.48,4460.09,447148826
9/23/21,4448.98,4457.27,492031305
9/22/21,4395.64,4394.66,546603328
9/21/21,4354.19,4345.32,524522424
9/20/21,4357.73,4352.81,714928170
9/17/21,4432.99,4428.26,1807659453
9/16/21,4473.75,4469.85,531399515
9/15/21,4480.7,5336.12,609921417
9/14/21,4443.05,4442.52,530129919
9/13/21,4468.73,4466.04,545226229
9/10/21,4458.58,4459.46,490385730
9/9/21,4493.28,4489.48,463557761
9/8/21,4514.07,4513.18,467052491
9/7/21,4520.03,4517.1,484895707
9/3/21,4535.43,4531.24,414286332
9/2/21,4536.95,4536.02,463547522
9/1/21,4524.09,4520.6,479401081
8/31/21,4522.68,4521.34,715483274
8/30/21,4528.79,4530.1,416021103
8/27/21,4509.37,4506.08,432333069
8/26/21,4470,4471.85,417989422
8/25/21,4496.19,4491.39,491850140
8/24/21,4486.23,4491.71,431883781
8/23/21,4479.53,4480.12,475010295
8/20/21,4441.67,4438.02,525313553
8/19/21,4405.8,4737.03,542963221
8/18/21,4400.27,4402.02,481865285
8/17/21,4448.08,4446.71,471396876
8/16/21,4479.71,7311.65,462926327
8/13/21,4468,4464.57,375816906
8/12/21,4460.83,4460.42,424463082
8/11/21,4447.7,4440.34,474514076
8/10/21,4436.75,4433.69,463044810
8/9/21,4432.35,4431.21,445844768
8/6/21,4436.52,4434.33,475578819
8/5/21,4429.1,4440.42,488983014
8/4/21,4402.66,4405.35,577170883
8/3/21,4423.15,4423.73,557683088
8/2/21,4387.16,4390.09,505090822
7/30/21,4395.26,4399.55,704783647
7/29/21,4419.15,4389.61,491758905
7/28/21,4400.64,4399.88,533657992
7/27/21,4401.46,4387.46,531510830
7/26/21,4422.3,4500.6,497708180
7/23/21,4411.79,4412.4,443919175
7/22/21,4367.48,4382.6,457945741
7/21/21,4358.69,4356.27,558817185
7/20/21,4323.06,4328.34,692840006
7/19/21,4258.49,4266.91,724701580
7/16/21,4327.16,4325.43,587319408
7/15/21,4360.03,4355.43,514704177
7/14/21,4374.3,4374.91,526771628
7/13/21,4369.21,4365.3,447201119
7/12/21,4384.63,4382.12,480701619
7/9/21,4369.55,4367.57,517859179
7/8/21,4320.82,4326.5,562095212
7/7/21,4358.13,4358.29,518731259
7/6/21,4343.54,4336.14,579836362
7/2/21,4352.34,4349.2,433797296
7/1/21,4319.94,4316.92,491252688
6/30/21,4297.5,4299.52,586723611
6/29/21,4291.8,4297.04,464266876
6/28/21,4290.61,4294.92,534470535
6/25/21,4280.7,4279.09,1020842135
6/24/21,4266.49,4267.48,488899252
6/23/21,4241.84,4245.49,476502799
6/22/21,4246.44,4250.44,518151273
6/21/21,4224.79,4223.26,585617106
6/18/21,4166.45,4167.9,1602813284
6/17/21,4221.86,4231.3,692607231
6/16/21,4223.7,4300.66,608208040
6/15/21,4246.59,4247.82,496016796
6/14/21,4255.15,4257.73,502609179
6/11/21,4247.44,4247.59,466454827
6/10/21,4239.18,4241.11,514102430
6/9/21,4219.55,4219.89,490279644
6/8/21,4227.26,4228.36,582092984
6/7/21,4226.52,4361.63,467143647
6/4/21,4229.89,4225.98,465931759
6/3/21,4192.85,4189.67,560056029
6/2/21,4208.12,4207.17,552370467
6/1/21,4202.04,4201.99,556072392
5/28/21,4204.11,4208.01,583005905
5/27/21,4200.88,4218.08,1294689893
5/26/21,4195.99,4190.82,565352447
5/25/21,4188.13,4192.47,536415469
5/24/21,4197.05,4197.5,491196272
5/21/21,4155.86,4153.96,661555886
5/20/21,4159.12,4174.65,570286974
5/19/21,4115.68,4108.9,669726651
5/18/21,4127.83,4112.91,582592424
5/17/21,4163.29,4162.7,571758354
5/14/21,4173.85,4184.79,501702759
5/13/21,4112.5,4117.33,574425439
5/12/21,4063.04,4066.49,652754704
5/11/21,4152.1,4139.68,601429054
5/10/21,4188.43,4184.14,627898357
5/7/21,4232.6,4246.27,541938360
5/6/21,4201.62,4204.56,601702899
5/5/21,4167.59,4169.09,574161146
5/4/21,4164.66,4166.38,647398683
5/3/21,4192.66,4204.31,574622074
4/30/21,4181.17,4194.47,738271693
4/29/21,4211.47,4210.43,603848011
4/28/21,4183.18,4194.97,555786121
4/27/21,4186.72,4190.25,518563989
4/26/21,4187.62,4185.11,535480152
4/23/21,4180.17,4184.67,530028545
4/22/21,4134.98,4140.42,586661634
4/21/21,4173.42,4168.17,552948853
4/20/21,4134.94,4123.65,542835759
4/19/21,4163.26,4178.3,545994739
4/16/21,4185.47,4193.34,670059948
4/15/21,4170.42,4172.56,556701817
4/14/21,4124.66,4126.72,547124390
4/13/21,4141.59,4151.3,523803668
4/12/21,4127.99,4126.17,526549650
4/9/21,4128.8,4125.86,510310239
4/8/21,4097.17,4103.66,542499615
4/7/21,4079.95,4080.63,489011089
4/6/21,4073.94,4074.76,571848602
4/5/21,4077.91,4081.3,594159826
4/1/21,4019.87,4021.73,549284531
3/31/21,3972.89,3971.45,790771508
3/30/21,3958.55,3958.76,549283687
3/29/21,3971.09,3972.65,636567073
3/26/21,3974.54,3965.48,719734914
3/25/21,3909.52,3916.06,632391622
3/24/21,3889.14,3894.13,612118414
3/23/21,3910.52,3919.14,666674313
3/22/21,3940.59,3942.11,677313651
3/19/21,3913.1,3917.04,2323804160
3/18/21,3915.46,3922.42,700494694
3/17/21,3974.12,3975.99,652793730
3/16/21,3962.71,3970.88,606621337
3/15/21,3968.94,3964.72,599944987
3/12/21,3943.34,3946.48,590613509
3/11/21,3939.34,3936.14,633849717
3/10/21,3898.81,3903.37,670320910
3/9/21,3875.44,3878.41,709867490
3/8/21,3821.35,3834.63,756663265
3/5/21,3841.94,3835.31,829073409
3/4/21,3768.47,3768.79,851214121
3/3/21,3819.72,3818.53,684624424
3/2/21,3870.29,3873.29,633092916
3/1/21,3901.82,3911.81,633792527
2/26/21,3811.15,3814.18,961817673
2/25/21,3829.34,3814.63,712863893
2/24/21,3925.43,3927.86,697584269
2/23/21,3881.37,3878.06,755513123
2/22/21,3876.5,3880.48,692050940
2/19/21,3906.71,3908.29,665244935
2/18/21,3913.97,3914.29,520398470
2/17/21,3931.33,3927.3,542976243
2/16/21,3932.59,3934.9,593684504
2/12/21,3934.83,3931.77,458852302
2/11/21,3916.38,3909.16,586186522
2/10/21,3909.88,3905.61,559418199
2/9/21,3911.23,3910.91,485445853
2/8/21,3915.59,3913.25,573323029
2/5/21,3886.83,3885.81,537391393
2/4/21,3871.74,3871.1,611413717
2/3/21,3830.17,3835.18,617247578
2/2/21,3826.31,3836.79,647254387
2/1/21,3773.86,3770.23,630171700
1/29/21,3714.24,3714.16,1022917103
1/28/21,3787.38,3783.79,846769912
1/27/21,3750.77,3744.12,967706350
1/26/21,3849.62,3860.25,590568091
1/25/21,3855.36,3851.64,675231340
1/22/21,3841.47,3844.65,621450991
1/21/21,3853.07,3851.89,620776708
1/20/21,3851.85,3851.94,644495073
1/19/21,3798.91,3806.29,683059345
1/15/21,3768.25,3762.5,852165927
1/14/21,3795.54,3797.37,678176083
1/13/21,3809.84,3814.88,604769130
1/12/21,3801.19,3801.28,658562767
1/11/21,3799.61,3801.75,613612883
1/8/21,3824.68,3828.04,649780644
1/7/21,3803.79,3804.27,706082190
1/6/21,3748.14,3760.64,827613906
1/5/21,3726.86,3729.89,603798418
1/4/21,3700.65,3700.77,761648794
12/31/20,3756.07,3750.88,499581043
12/30/20,3732.04,3730.17,411831440
12/29/20,3727.04,3728.72,428879441
12/28/20,3735.36,3740.47,429214693
12/24/20,3703.06,3710.12,206543748
12/23/20,3690.01,3693.7,489952813
12/22/20,3687.26,3682.01,582735339
12/21/20,3694.92,3695.39,747465183
12/18/20,3709.41,3739.48,2134538109
12/17/20,3722.48,3725.69,601682490
12/16/20,3701.17,3701.57,626487729
12/15/20,3694.62,3694.45,631936206
12/14/20,3647.49,3653.4,702282276
12/11/20,3663.46,3667.71,568895511
12/10/20,3668.1,3668.66,623846059
12/9/20,3672.82,3673.52,698302625
12/8/20,3702.25,3706.33,548025837
12/7/20,3691.96,3686.23,584180795
12/4/20,3699.12,3690.37,598563920
12/3/20,3666.72,3669.58,614889288
12/2/20,3669.01,3676.24,601656668
12/1/20,3662.45,3660.69,639946513
11/30/20,3621.63,3630.82,1335387969
11/27/20,3638.35,3808.35,294230124
11/25/20,3629.65,3638.66,565389275
11/24/20,3635.41,3643.4,756429996
11/23/20,3577.59,3584.07,606117867
11/20/20,3557.54,3565.81,633570948
11/19/20,3581.87,3574.03,578426915
11/18/20,3567.79,3574.84,629084783
11/17/20,3609.53,3612.58,605174887
11/16/20,3626.91,3634.68,723504475
11/13/20,3585.15,3586.98,534057352
11/12/20,3537.01,3546.98,590952415
11/11/20,3572.66,3583.76,605452917
11/10/20,3545.53,3551.4,840924044
11/9/20,3550.5,3565.98,1190510480
11/6/20,3509.44,3523.48,537798226
11/5/20,3510.45,3519.54,611197626
11/4/20,3443.44,3458.59,734881227
11/3/20,3369.16,3364.36,577259081
11/2/20,3310.24,3315.8,637569959
10/30/20,3269.96,3281.57,845497980
10/29/20,3310.11,3284.89,659853363
10/28/20,3271.03,3287.59,774474596
10/27/20,3390.68,3390.01,559489256
10/26/20,3400.97,3399.39,587566793
10/23/20,3465.39,3475.91,492276706
10/22/20,3453.49,3464.83,550346615
10/21/20,3435.56,3440.9,517460300
10/20/20,3443.12,3440.56,492245323
10/19/20,3426.92,3449.22,574726743
10/16/20,3483.81,3475.55,611953287
10/15/20,3483.34,3489.5,491315877
10/14/20,3488.67,3489.52,511998911
10/13/20,3511.93,3514.15,550320575
10/12/20,3534.22,3727.26,582962262
10/9/20,3477.13,3488.08,566334825
10/8/20,3446.83,3462.21,512431318
10/7/20,3419.45,3442.7,537482963
10/6/20,3360.95,3351.52,621769280
10/5/20,3408.63,3399.64,551280001
10/2/20,3348.44,3350.69,585678771
10/1/20,3380.8,3377.87,587527756
9/30/20,3363,3348.64,776233965
9/29/20,3335.47,3332.33,455834230
9/28/20,3351.6,3356.36,592684570
9/25/20,3298.46,3296.05,545375720
9/24/20,3246.59,3251.42,596712630
9/23/20,3236.92,3248.65,683970004
9/22/20,3315.57,3311.21,662841236
9/21/20,3281.06,3286.35,864396886
9/18/20,3319.47,3321.41,1873495751
9/17/20,3357.01,3356.54,774823903
9/16/20,3385.49,3396.78,763615740
9/15/20,3401.2,3437.63,601889138
9/14/20,3383.54,3385.01,625988210
9/11/20,3340.97,3337.36,613821897
9/10/20,3339.19,3345.58,659201244
9/9/20,3398.96,3401.03,677126691
9/8/20,3331.84,3341.06,838806293
9/4/20,3426.96,3427.18,795277481
9/3/20,3455.06,3458.2,821258406
9/2/20,3580.84,3618.54,655400187
9/1/20,3526.65,3530.82,557623840
8/31/20,3500.31,3501.86,765493717
8/28/20,3508.01,3515.91,526053775
8/27/20,3484.55,3487.14,534303737
8/26/20,3478.73,3481.79,484306018
8/25/20,3443.62,3447.21,460443965
8/24/20,3431.28,3433.58,553925029
8/21/20,3397.16,3402.56,571644034
8/20/20,3385.51,3386.19,460783572
8/19/20,3374.85,3374.97,503452702
8/18/20,3389.78,3394.08,453925232
8/17/20,3381.99,3395.62,489813809
8/14/20,3372.85,3366.78,430449295
8/13/20,3373.43,3373.69,472249676
8/12/20,3380.35,3433.32,532752781
8/11/20,3333.69,3344.57,653971003
8/10/20,3360.47,3363.19,596039843
8/7/20,3351.28,3379.29,529715837
8/6/20,3349.16,3347.4,539314712
8/5/20,3327.77,3336.85,571356958
8/4/20,3306.51,3311.5,552035313
8/3/20,3294.61,3293.42,587010888
7/31/20,3271.12,3282.48,946651266
7/30/20,3246.22,3286.6,545268680
7/29/20,3258.44,3357.74,558845159
7/28/20,3218.44,3226.46,485107250
7/27/20,3239.41,3244.11,554595790
7/24/20,3215.63,3215.63,573324661
7/23/20,3235.66,3232.54,629465030
7/22/20,3276.02,3269.88,549796664
7/21/20,3257.3,3357.67,594082165
7/20/20,3251.84,3262.62,543165349
7/17/20,3224.73,3225.21,613258826
7/16/20,3215.57,3205.43,516392554
7/15/20,3226.56,3230.27,662385854
7/14/20,3197.52,3295.54,642171870
7/13/20,3155.22,3163.13,669535136
7/10/20,3185.04,3187.6,551891752
7/9/20,3152.05,3154.34,618475892
7/8/20,3169.94,3176.05,592628138
7/7/20,3145.32,3147.31,574607294
7/6/20,3179.72,3173.85,620412540
7/2/20,3130.01,3199.49,587877738
7/1/20,3115.86,3124.36,611490959
6/30/20,3100.29,3093.71,803385927
6/29/20,3053.24,3053.11,612981450
6/26/20,3009.05,3111.75,1537463295
6/25/20,3083.76,3078.58,661457084
6/24/20,3050.33,3093.01,788986760
6/23/20,3131.29,3129.64,708016503
6/22/20,3117.86,3119.9,709123735
6/19/20,3097.74,3119.34,2263049332
6/18/20,3115.34,3166.22,646183328
6/17/20,3113.49,3147.8,644978627
6/16/20,3124.74,3117.58,807726824
6/15/20,3066.59,3106.48,785779880
6/12/20,3041.31,3063.97,801367164
6/11/20,3002.1,3032.9,947088300
6/10/20,3190.14,3229.5,771297979
6/9/20,3207.18,3205.22,713443262
6/8/20,3232.39,3230.81,804790515
6/5/20,3193.93,3247.79,1015182134
6/4/20,3112.35,3116.45,784969099
6/3/20,3122.87,3180.3,664131047
6/2/20,3080.82,3117.53,638748969
6/1/20,3055.73,3064.61,539492642
5/29/20,3044.31,3088.03,1607090388
5/28/20,3029.73,3044.72,691715314
5/27/20,3036.13,3069.72,740053186
5/26/20,2991.77,3042.25,757844792
5/22/20,2955.45,2958.55,452308586
5/21/20,2948.51,2947.7,585595360
5/20/20,2971.61,3003.81,589509705
5/19/20,2922.94,2935.09,581011266
5/18/20,2953.91,2951.71,800533514
5/15/20,2863.7,2856.36,1024342720
5/14/20,2852.5,2856.66,706517143
5/13/20,2820,2836.07,761340552
5/12/20,2870.12,2861.72,595423642
5/11/20,2930.32,2951.38,595622531
5/8/20,2929.8,2933.94,566651754
5/7/20,2881.19,2894,618126081
5/6/20,2848.42,2854.2,596637737
5/5/20,2868.44,2895.11,613338394
5/4/20,2842.74,2928.84,650836137
5/1/20,2830.71,2837.12,657506857
4/30/20,2912.43,2892.55,1061916384
4/29/20,2939.51,3001.32,826374125
4/28/20,2863.39,2960.64,670940933
4/27/20,2878.48,2923.12,610804555
4/24/20,2836.74,2861.86,718657747
4/23/20,2797.8,2821.9,677686455
4/22/20,2799.31,2815.81,668873157
4/21/20,2736.56,2767.54,747021645
4/20/20,2823.16,2858.46,706781951
4/17/20,2874.56,2968.83,959584402
4/16/20,2799.55,2805.71,753452464
4/15/20,2783.36,2840.58,730687071
4/14/20,2846.06,2909.15,743625312
4/13/20,2761.63,2869.8,721112241
4/9/20,2789.82,2947.19,961378961
4/8/20,2749.98,2828.07,801026832
4/7/20,2659.41,2719.06,968741223
4/6/20,2663.68,2735.8,1042822119
4/3/20,2488.65,2906.06,925587154
4/2/20,2526.9,2536.5,894982891
4/1/20,2470.5,2520.11,909256993
3/31/20,2584.59,2716.1,1223385239
3/30/20,2626.65,2890.5,856128675
3/27/20,2541.47,2560.29,916669339
3/26/20,2630.07,2660.04,1102835603
3/25/20,2475.56,2584,1249729967
3/24/20,2447.33,2481.48,1217256349
3/23/20,2237.4,2285.77,1128845260
3/20/20,2304.92,2460.64,1712397273
3/19/20,2409.39,2583.03,1128760287
3/18/20,2398.1,2565.59,1313314132
3/17/20,2529.19,2481.42,1333782991
3/16/20,2386.13,2450.11,1340847421
3/13/20,2711.02,2706.3,1377727520
3/12/20,2480.64,2474.01,1432304966
3/11/20,2741.38,2832.73,1122243487
3/10/20,2882.23,2899.52,1159349137
3/9/20,2746.56,2789.27,1310723103
3/6/20,2972.37,2966.54,1069655941
3/5/20,3023.94,3033.07,910652768
3/4/20,3130.12,3106.6,852867217
3/3/20,3003.37,3011.85,1146478283
3/2/20,3090.23,3063.92,1125426198
2/28/20,2954.22,2992.14,1663860666
2/27/20,2978.76,2977.71,1135994401
2/26/20,3116.39,3121.37,836587088
2/25/20,3128.21,3149.53,890696494
2/24/20,3225.89,3237.95,791106187
2/21/20,3337.75,3339.25,680523110
2/20/20,3373.23,3370.16,539161801
2/19/20,3386.15,3393.69,469249670
2/18/20,3370.29,3378.53,543398456
2/14/20,3380.16,3386.81,476855596
2/13/20,3373.94,3382.86,515936017
2/12/20,3379.45,3382.98,535533382
2/11/20,3357.75,3363.82,471668588
2/10/20,3352.09,3348.93,488488621
2/7/20,3327.71,3330.21,507416780
2/6/20,3345.78,3346.15,553907100
2/5/20,3334.69,3335.65,608121958
2/4/20,3297.59,3303.28,591876110
2/3/20,3248.92,3247.59,598835776
1/31/20,3225.52,3236.27,875679107
1/30/20,3283.66,3300.83,578126695
1/29/20,3273.4,3275.15,540373645
1/28/20,3276.24,3285.39,528076616
1/27/20,3243.63,3248.25,605359533
1/24/20,3295.47,3300.2,558038749
1/23/20,3325.54,3325.83,575204996
1/22/20,3321.75,3325.35,525750950
1/21/20,3320.79,3328.93,643282954
1/17/20,3329.62,3332.67,718131260
1/16/20,3316.81,3319.27,506723004
1/15/20,3289.29,3293.93,498362684
1/14/20,3283.15,3289.91,557099156
1/13/20,3288.13,3291.6,487943076
1/10/20,3265.35,3269.88,453658958
1/9/20,3274.7,3282.83,505064644
1/8/20,3253.05,3262.62,542641238
1/7/20,3237.18,3234.48,499721948
1/6/20,3246.28,3248.77,575576705
1/3/20,3234.85,3237.36,509241848
1/2/20,3257.85,3260.48,517131498
12/31/19,3230.78,3236.82,431595893
12/30/19,3221.29,3223.15,344987511
12/27/19,3240.02,3244.43,335876636
12/26/19,3239.91,3242.63,316662796
12/24/19,3223.38,3222.46,170793796
12/23/19,3224.01,3230.79,467684564
12/20/19,3221.22,3227.85,1760995206
12/19/19,3205.37,3208.49,592606963
12/18/19,3191.14,3192.48,598958742
12/17/19,3192.52,3194.51,568033435
12/16/19,3191.45,3194.27,640194352
12/13/19,3168.8,3171.72,505261345
12/12/19,3168.57,3164.53,575875664
12/11/19,3141.63,3144.22,472523605
12/10/19,3132.52,3138.44,460145225
12/9/19,3135.96,3132.82,468488007
12/6/19,3145.91,3152.05,489116706
12/5/19,3117.43,3117.98,462499605
12/4/19,3112.76,3114.94,528372221
12/3/19,3093.2,3094.01,557374678
12/2/19,3113.87,3113.12,497591273
11/29/19,3140.98,3148.53,286602291
11/27/19,3153.63,3152.17,421853938
11/26/19,3140.52,3140.45,986041660
11/25/19,3133.64,3132.98,513728761
11/22/19,3110.29,3108.51,418027927
11/21/19,3103.54,3104.24,476836171
11/20/19,3108.46,3107.14,756408988
11/19/19,3120.18,3116.71,513153035
11/18/19,3122.03,3120.56,521730492
11/15/19,3120.46,3119.55,579104868
11/14/19,3096.63,3093.4,408390424
11/13/19,3094.04,3091.83,454607412
11/12/19,3091.84,3085.78,434953689
11/11/19,3087.01,3090.94,366044400
11/8/19,3093.08,3090.43,460757054
11/7/19,3085.18,3085.68,566117910
11/6/19,3076.78,3074.13,544288522
11/5/19,3074.62,3073.42,585634570
11/4/19,3078.27,3076.81,524848878
11/1/19,3066.91,3066.62,510301237
10/31/19,3037.56,3032.34,673060009
10/30/19,3046.77,3046.92,486270335
10/29/19,3036.89,3035.55,451403455
10/28/19,3039.42,3037.13,463026111
10/25/19,3022.55,3022.3,464691325
10/24/19,3010.29,3001.11,487778413
10/23/19,3004.52,3001.91,468175599
10/22/19,2995.99,2990.76,456454506
10/21/19,3006.72,3008.45,488376210
10/18/19,2986.2,2988.27,629007999
10/17/19,2997.95,3003.55,424674621
10/16/19,2989.69,2988.38,474187297
10/15/19,2995.68,2995.04,424302970
10/14/19,2966.15,2967.41,385116809
10/11/19,2970.27,2969.34,543535029
10/10/19,2938.13,2946.68,449257556
10/9/19,2919.4,2922.89,392191350
10/8/19,2893.06,2898.97,486681493
10/7/19,2938.79,2941.71,464173131
10/4/19,2952.01,2947.59,450077902
10/3/19,2910.63,2907.94,490037007
10/2/19,2887.61,2885.61,605438170
10/1/19,2940.25,2945.16,487737183
9/30/19,2976.74,2984.46,496904390
9/27/19,2961.79,2971.85,477747416
9/26/19,2977.62,2976.48,452508818
9/25/19,2984.87,2987.32,510070023
9/24/19,2966.6,2968.71,599469001
9/23/19,2991.78,3007.68,475428043
9/20/19,2992.07,2987.75,1610555637
9/19/19,3006.79,3004.75,466918496
9/18/19,3006.73,3006.15,506970627
9/17/19,3005.7,3004.03,478756144
9/16/19,2997.96,2998.72,503095882
9/13/19,3007.39,3003.4,491998481
9/12/19,3009.57,3006.14,556338228
9/11/19,3000.93,2996.04,523074343
9/10/19,2979.39,2978.97,575489940
9/9/19,2978.43,2979.23,537167489
9/6/19,2978.71,2987.2,445306999
9/5/19,2976,2964.97,535529513
9/4/19,2937.78,2939.18,449778606
9/3/19,2906.27,2907.98,489524393
8/30/19,2926.46,2921.09,532980531
8/29/19,2924.58,2922.81,421202599
8/28/19,2887.94,2883.35,442743559
8/27/19,2869.16,2869.02,558676392
8/26/19,2878.38,2884.34,463912564
8/23/19,2847.11,2856.83,700619550
8/22/19,2922.95,2927.23,430434567
8/21/19,2924.43,2923.25,399340157
8/20/19,2900.51,2893.92,451459948
8/19/19,2923.65,2915.67,497584853
8/16/19,2888.68,2885.76,591597576
8/15/19,2847.6,2845.4,585071376
8/14/19,2840.6,2841.46,692631694
8/13/19,2926.32,2922.64,563420961
8/12/19,2883.75,2880.99,399101617
8/9/19,2918.65,2915.86,500491414
8/8/19,2938.09,2927.61,653657391
8/7/19,2883.98,2877.25,633122957
8/6/19,2881.77,2872.7,588942375
8/5/19,2844.74,2831.31,766359274
8/2/19,2932.05,2931.75,580375737
8/1/19,2953.56,2947.8,675595461
7/31/19,2980.38,2971.09,818335560
7/30/19,3013.18,3010.65,445105355
7/29/19,3020.97,3016.61,439791578
7/26/19,3025.86,3018.33,467251910
7/25/19,3003.67,3001.79,535005428
7/24/19,3019.56,3005.77,511237434
7/23/19,3005.47,2993.42,442632985
7/22/19,2985.03,2982.98,454754463
7/19/19,2976.61,2966.53,542235630
7/18/19,2995.11,2994.93,462670449
7/17/19,2984.42,2969.97,450359991
7/16/19,3004.04,2994.35,429795268
7/15/19,3014.3,3008.85,443283504
7/12/19,3013.77,3006.43,422619276
7/11/19,2999.91,2993.18,433609504
7/10/19,2993.07,2988.91,428395107
7/9/19,2979.63,2974.18,430659676
7/8/19,2975.95,2969.96,439398597
7/5/19,2990.41,2982.87,357588829
7/3/19,2995.82,2982.44,326856578
7/2/19,2973.01,2970.27,434838341
7/1/19,2964.33,2959.08,527362600
6/28/19,2941.76,2937.31,1133181867
6/27/19,2924.92,2922.02,441949422
6/26/19,2913.78,2907.75,553477142
6/25/19,2917.38,2918.61,545010696
6/24/19,2945.35,2942.06,499305728
6/21/19,2950.46,2939.5,1423703583
6/20/19,2954.18,2947.55,576775899
6/19/19,2926.46,2925.05,527372080
6/18/19,2917.75,2914.51,514367010
6/17/19,2889.67,2886.42,426463784
6/14/19,2886.98,2881.66,433947868
6/13/19,2891.64,2885.1,438698518
6/12/19,2879.84,2875.22,410704592
6/11/19,2885.72,2876.65,579421044
6/10/19,2886.73,2883.28,484195735
6/7/19,2873.34,2868.2,483825470
6/6/19,2843.49,2829.68,539033231
6/5/19,2826.15,2820.4,544464440
6/4/19,2803.27,2801.26,597988580
6/3/19,2744.45,2751.77,679951656
5/31/19,2752.06,2751.44,591092195
5/30/19,2788.86,2788.59,411329242
5/29/19,2783.02,2781.63,539210768
5/28/19,2802.39,2804.2,947941654
5/24/19,2826.06,2827.77,399877052
5/23/19,2822.24,2819.77,577204331
5/22/19,2856.27,2852.8,432635196
5/21/19,2864.36,2860.57,475932198
5/20/19,2840.23,2843.31,510201802
5/17/19,2859.53,2855.42,566146621
5/16/19,2876.32,2871.88,502289680
5/15/19,2850.96,2848.95,486172172
5/14/19,2834.41,2834.39,522835289
5/13/19,2811.87,2805.4,638798515
5/10/19,2881.4,2879.14,529803868
5/9/19,2870.72,2865.75,544559863
5/8/19,2879.42,2879.81,525766104
5/7/19,2884.05,2886.03,632872756
5/6/19,2932.47,2915.7,499639973
5/3/19,2945.64,2940.36,499665800
5/2/19,2917.52,2910.72,532680924
5/1/19,2923.73,2913.69,566350765
4/30/19,2945.83,2944.98,676027330
4/29/19,2943.03,2927.83,477408598
4/26/19,2939.88,2932.75,541398134
4/25/19,2926.17,2917.23,538125643
4/24/19,2927.25,2925.56,526905767
4/23/19,2933.68,2929.3,536917942
4/22/19,2907.97,2906.68,448890622
4/18/19,2905.03,2903.17,608523857
4/17/19,2900.45,2893.34,587760797
4/16/19,2907.06,2902.48,495695074
4/15/19,2905.58,2901.84,457842508
4/12/19,2907.41,2901.49,505162651
4/11/19,2888.32,2882.5,415962882
4/10/19,2888.21,2882.64,401127827
4/9/19,2878.2,2872.58,448236943
4/8/19,2895.77,2890.71,468429129
4/5/19,2892.74,2885.24,472262239
4/4/19,2879.39,2874.47,444465997
4/3/19,2873.4,2872.33,597904878
4/2/19,2867.24,2859.41,473309122
4/1/19,2867.19,2858.81,528797169
3/29/19,2834.4,2830.13,670334840
3/28/19,2815.44,2812.43,453489392
3/27/19,2805.37,2801,514309265
3/26/19,2818.46,2808.82,530159646
3/25/19,2798.36,2802.76,503990217
3/22/19,2800.71,2804.36,662539137
3/21/19,2854.88,2848.69,611734555
3/20/19,2824.23,2820.19,624364081
3/19/19,2832.57,2824.98,682995030
3/18/19,2832.94,2827.9,608985247
3/15/19,2822.48,2816.04,1843388633
3/14/19,2808.48,2795.33,611507204
3/13/19,2810.92,2807.42,617202593
3/12/19,2791.52,2782.32,545868619
3/11/19,2783.3,2777.45,540516585
3/8/19,2743.07,2742.34,530754897
3/7/19,2748.93,2747.85,597309611
3/6/19,2771.45,2768.96,528877584
3/5/19,2789.65,2784.33,576038060
3/4/19,2792.81,2780.95,614371859
3/1/19,2803.69,2797.05,592428627
2/28/19,2784.49,2782.88,773425454
2/27/19,2792.38,2787.14,508288881
2/26/19,2793.9,2784.31,551675763
2/25/19,2796.11,2789.59,580394860
2/22/19,2792.67,2783.82,537341713
2/21/19,2774.88,2764.78,508676967
2/20/19,2784.7,2777.6,566166669
2/19/19,2779.76,2773.63,525966991
2/15/19,2775.6,2764.77,693907421
2/14/19,2745.73,2740.64,527102540
2/13/19,2753.03,2747.72,535815800
2/12/19,2744.73,2740.34,597474153
2/11/19,2709.8,2700.68,531360727
2/8/19,2707.88,2700.04,557587800
2/7/19,2706.05,2699.54,625969945
2/6/19,2731.61,2725.57,535718912
2/5/19,2737.7,2725.92,581522355
2/4/19,2724.87,2715.6,541958874
2/1/19,2706.53,2700.96,642280876
1/31/19,2704.1,2702.18,1024765207
1/30/19,2681.05,2681.68,616716233
1/29/19,2640,2646.27,519764046
1/28/19,2643.85,2636.84,580761672
1/25/19,2664.76,2659.48,639278903
1/24/19,2642.33,2631.01,627699787
1/23/19,2638.7,2636.97,574077880
1/22/19,2632.9,2628.22,737565240
1/18/19,2670.71,2665.02,784726681
1/17/19,2635.96,2631.05,625677718
1/16/19,2616.1,2612.07,608247678
1/15/19,2610.3,2606.93,597494178
1/14/19,2582.61,2582.13,601100760
1/11/19,2596.26,2590.51,543311944
1/10/19,2596.64,2592.73,625406371
1/9/19,2584.96,2580.14,629452157
1/8/19,2574.41,2570.84,662516953
1/7/19,2549.69,2550.76,692225816
1/4/19,2531.94,2527.16,774811375
1/3/19,2447.89,2460.22,762962293
1/2/19,2510.03,2485.78,637584225
12/31/18,2506.85,2511.18,627380977
12/28/18,2485.74,2492.07,600118855
12/27/18,2488.83,2480.17,754927749
12/26/18,2467.7,2466.06,785822352
12/24/18,2351.1,2352.47,492144152
12/21/18,2416.62,2429.22,2284643404
12/20/18,2467.42,2488.6,1047090893
12/19/18,2506.96,2509.35,932514446
12/18/18,2546.16,2541.26,763897033
12/17/18,2545.94,2560.8,819097979
12/14/18,2599.95,2604.19,705439559
12/13/18,2650.54,2644.89,620983881
12/12/18,2651.07,2651.79,671626902
12/11/18,2636.78,2633.76,600208705
12/10/18,2637.72,2644.35,684878106
12/7/18,2633.08,2642.32,733845511
12/6/18,2695.95,2694.36,915372571
12/4/18,2700.06,2707.36,851039439
12/3/18,2790.37,2782.77,744605200
11/30/18,2760.17,2757,1126155208
11/29/18,2737.76,2740.83,523646403
11/28/18,2743.79,2733.4,666839589
11/27/18,2682.17,2685.08,550959355
11/26/18,2673.45,2656.72,608988820
11/23/18,2632.56,2634.48,291401125
11/21/18,2649.93,2651.37,552735153
11/20/18,2641.89,2639.15,760763750
11/19/18,2690.73,2691.39,688894394
11/16/18,2736.27,2734.9,838188083
11/15/18,2730.2,2721.6,695330012
11/14/18,2701.58,2698.77,704285465
11/13/18,2722.18,2730.84,610281337
11/12/18,2726.22,2731.63,630070307
11/9/18,2781.01,2772.46,659956477
11/8/18,2806.83,2797.48,571440204
11/7/18,2813.89,2803.31,614189081
11/6/18,2755.45,2754.21,549022195
11/5/18,2738.31,2734.28,599359660
11/2/18,2723.06,2721.86,742531163
11/1/18,2740.37,2722.82,700345393
10/31/18,2711.74,2708.24,910799476
10/30/18,2682.63,2682.37,888192193
10/29/18,2641.25,2646.39,778263648
10/26/18,2658.69,2669.31,870121014
10/25/18,2705.57,2691.33,767958462
10/24/18,2656.1,2680.39,815395463
10/23/18,2740.69,2743.33,695059367
10/22/18,2755.88,2759.09,552132465
10/19/18,2767.78,2762.59,710204239
10/18/18,2768.78,2774.99,584156031
10/17/18,2809.21,2813.97,559161877
10/16/18,2809.92,2814.07,545449049
10/15/18,2750.79,2746.71,554540805
10/12/18,2767.13,2775.87,726620973
10/11/18,2728.37,2757.87,885777014
10/10/18,2785.68,2777.92,777965581
10/9/18,2880.34,2879.19,534942622
10/8/18,2884.43,2885.74,546183422
10/5/18,2885.57,2889.86,564482798
10/4/18,2901.61,2902.52,537540104
10/3/18,2925.51,2924.57,557311899
10/2/18,2923.43,2920.34,536960154
10/1/18,2924.59,2921.62,543444751
9/28/18,2913.98,2910.89,651863125
9/27/18,2914,2913.84,496255888
9/26/18,2905.97,2905.68,572437760
9/25/18,2915.56,2911.38,559592014
9/24/18,2919.37,2918.77,578856027
9/21/18,2929.67,2922.24,1951071826
9/20/18,2930.75,2925.54,556556350
9/19/18,2907.95,2905.08,511855979
9/18/18,2904.31,2898.42,491829918
9/17/18,2888.8,2885.01,491583103
9/14/18,2904.98,2897.06,474830043
9/13/18,2904.18,2894.75,534354319
9/12/18,2888.92,2884.44,526533847
9/11/18,2887.89,2883.32,475957241
9/10/18,2877.13,2873.56,488437300
9/7/18,2871.68,2863.96,519383132
9/6/18,2878.05,2870.51,531748072
9/5/18,2888.6,2881.01,611398534
9/4/18,2896.72,2891.75,521852577
8/31/18,2901.52,2897.15,582307208
8/30/18,2901.13,2897.05,413676220
8/29/18,2914.04,2908.62,443529402
8/28/18,2897.52,2893.87,440029290
8/27/18,2896.74,2890.66,529573896
8/24/18,2874.69,2868.66,425807430
8/23/18,2856.98,2851.95,422539624
8/22/18,2861.82,2857.87,367247470
8/21/18,2862.96,2851.56,482188632
8/20/18,2857.05,2849.87,418866315
8/17/18,2850.13,2844.11,532721403
8/16/18,2840.69,2833.66,481917530
8/15/18,2818.37,2820.33,527499036
8/14/18,2839.96,2836.03,428267004
8/13/18,2821.93,2824.52,465078647
8/10/18,2833.28,2834.94,486996445
8/9/18,2853.58,2850.15,404265134
8/8/18,2857.7,2850.3,391622417
8/7/18,2858.45,2853.71,455622223
8/6/18,2850.4,2844.41,445464088
8/3/18,2840.35,2832.94,472003466
8/2/18,2827.22,2822,508759615
8/1/18,2813.36,2808.85,553483656
7/31/18,2816.29,2818.1,722981432
7/30/18,2802.6,2801.71,533145063
7/27/18,2818.82,2809.17,552498969
7/26/18,2837.44,2830.2,633260051
7/25/18,2846.07,2830.91,574458891
7/24/18,2820.4,2812.26,525043921
7/23/18,2806.98,2805.79,464098605
7/20/18,2801.83,2796.9,594490837
7/19/18,2804.49,2800.37,507386674
7/18/18,2815.62,2806.66,484911980
7/17/18,2809.55,2802.75,479778207
7/16/18,2798.43,2781,498361704
7/13/18,2801.31,2791.86,455567199
7/12/18,2798.29,2788.32,495510739
7/11/18,2774.02,2768.89,465278684
7/10/18,2793.84,2784.26,454090893
7/9/18,2784.17,2780.15,486476601
7/6/18,2759.82,2754.13,464756530
7/5/18,2736.61,2731.57,516237825
7/3/18,2713.22,2710.39,336033497
7/2/18,2726.71,2722.91,499463623
6/29/18,2718.37,2722.94,685339788
6/28/18,2716.31,2720.74,539355304
6/27/18,2699.63,2706.29,588772325
6/26/18,2723.06,2724.23,586084338
6/25/18,2717.07,2717.8,662570301
6/22/18,2754.88,2752.7,1089844942
6/21/18,2749.76,2746.01,544044909
6/20/18,2767.32,2765.19,549065443
6/19/18,2762.59,2757.2,644709135
6/18/18,2773.75,2769.37,577861779
6/15/18,2779.66,2772.97,1643960032
6/14/18,2782.49,2777.04,637381752
6/13/18,2775.63,2773.37,665465872
6/12/18,2786.85,2778.63,543375429
6/11/18,2782,2774.43,510492020
6/8/18,2779.03,2771.48,511059826
6/7/18,2770.37,2763.59,555821062
6/6/18,2772.35,2764.6,595241297
6/5/18,2748.8,2746.21,548168879
6/4/18,2746.87,2740.69,530474873
6/1/18,2734.62,2728.48,530951969
5/31/18,2705.27,2706.34,1013818538
5/30/18,2724.01,2717.23,536948168
5/29/18,2689.86,2692.57,638176489
5/25/18,2721.33,2715.43,445367188
5/24/18,2727.76,2722.36,516422428
5/23/18,2733.29,2726.12,544285247
5/22/18,2724.44,2723.41,503365316
5/21/18,2733.01,2726.73,475744489
5/18/18,2712.97,2710.43,574145236
5/17/18,2720.13,2713.79,459139071
5/16/18,2722.46,2715.11,488057147
5/15/18,2711.45,2705.65,549760430
5/14/18,2730.13,2721.91,506100042
5/11/18,2727.72,2716.39,501534717
5/10/18,2723.07,2712.27,480887389
5/9/18,2697.79,2692.43,539050531
5/8/18,2671.92,2667.63,572252093
5/7/18,2672.63,2667.97,503527729
5/4/18,2663.42,2658.01,507718299
5/3/18,2629.73,2633.11,599374734
5/2/18,2635.67,2632.58,609574830
5/1/18,2654.8,2656.6,557716845
4/30/18,2648.05,2648.51,694642615
4/27/18,2669.91,2664.98,519061816
4/26/18,2666.94,2678.82,628367336
4/25/18,2639.4,2647.69,558914899
4/24/18,2634.56,2637.15,626587531
4/23/18,2670.29,2667.26,516444628
4/20/18,2670.14,2666.72,705811880
4/19/18,2693.13,2688.29,529131090
4/18/18,2708.64,2704.91,493300875
4/17/18,2706.39,2699.13,496520330
4/16/18,2677.84,2678.92,510374993
4/13/18,2656.3,2654.48,489340304
4/12/18,2663.99,2663.98,514725665
4/11/18,2642.19,2642.4,472679683
4/10/18,2656.87,2651.41,596218835
4/9/18,2613.16,2618.56,564683211
4/6/18,2604.47,2609.57,636953451
4/5/18,2662.84,2656.84,530434807
4/4/18,2644.69,2641.92,624103718
4/3/18,2614.45,2612.92,631017022
4/2/18,2581.88,2586.55,713793279
3/29/18,2640.87,2637.8,746031727
3/28/18,2605,2614.36,683146279
3/27/18,2612.62,2616.29,686582458
3/26/18,2658.55,2656.92,674796157
3/23/18,2588.26,2605.52,710385987
3/22/18,2643.69,2651.12,684188520
3/21/18,2711.93,2713.18,539818653
3/20/18,2716.94,2717.22,569771369
3/19/18,2712.92,2717.36,634327100
3/16/18,2752.01,2747.36,1678756348
3/15/18,2747.33,2749.53,517766594
3/14/18,2749.48,2747.22,587912168
3/13/18,2765.31,2761.7,604760693
3/12/18,2783.02,2777.8,586466807
3/9/18,2786.57,2773.16,580604683
3/8/18,2738.97,2731.02,525022539
3/7/18,2726.8,2720.09,569775603
3/6/18,2728.12,2721.5,559826288
3/5/18,2720.94,2711.23,619738249
3/2/18,2691.25,2690.02,646045363
3/1/18,2677.67,2686.28,737841559
2/28/18,2713.83,2723.13,750778938
2/27/18,2744.28,2745.96,621882473
2/26/18,2779.6,2776.91,559643182
2/23/18,2747.3,2740.79,488629032
2/22/18,2703.96,2714.12,539433052
2/21/18,2701.33,2701.78,594961075
2/20/18,2716.26,2715.02,571354595
2/16/18,2732.22,2729.25,669882635
2/15/18,2731.2,2727.47,571606605
2/14/18,2698.63,2697.58,632361833
2/13/18,2662.94,2660.68,538762303
2/12/18,2656,2655.27,757736610
2/9/18,2619.55,2618.81,986284498
2/8/18,2581,2610.81,880613303
2/7/18,2681.66,2675.07,766057155
2/6/18,2695.14,2692.39,1090149575
2/5/18,2648.94,2644.72,1000762674
2/2/18,2762.13,2765.26,712514990
2/1/18,2821.98,2818.19,623001943
1/31/18,2823.81,2819.28,815230626
1/30/18,2822.43,2819.73,600917657
1/29/18,2853.53,2849,544693438
1/26/18,2872.87,2866.63,569404080
1/25/18,2839.25,2832.03,553948713
1/24/18,2837.54,2835.73,609308021
1/23/18,2839.13,2830.32,545995332
1/22/18,2832.97,2832.13,603357913
1/19/18,2810.3,2804.83,753914917
1/18/18,2798.03,2789.31,592316903
1/17/18,2802.56,2798.99,633506661
1/16/18,2776.42,2778.24,711573769
1/12/18,2786.24,2784.43,583103735
1/11/18,2767.56,2762.63,493747536
1/10/18,2748.23,2746.47,529855594
1/9/18,2751.29,2746.23,509578347
1/8/18,2747.71,2742.59,531091956
1/5/18,2743.15,2737.52,534970186
1/4/18,2723.99,2719.09,561303630
1/3/18,2713.06,2707.2,540193313
1/2/18,2695.81,2691.71,513863980
12/29/17,2673.61,2669.15,460819380
12/28/17,2687.54,2679.43,296034552
12/27/17,2682.62,2677.35,335290455
12/26/17,2680.5,2675.61,310308142
12/22/17,2683.34,2676.47,403668838
12/21/17,2684.57,2679.27,511566214
12/20/17,2679.25,2672.32,521433840
12/19/17,2681.47,2674.42,556473457
12/18/17,2690.16,2683.69,608529175
12/15/17,2675.81,2674.09,1655377044
12/14/17,2652.01,2646.17,529123907
12/13/17,2662.85,2657.92,551154908
12/12/17,2664.11,2659.59,553661426
12/11/17,2659.99,2655.33,510556601
12/8/17,2651.5,2642.62,490109100
12/7/17,2636.98,2628.73,526053637
12/6/17,2629.27,2624,531557561
12/5/17,2629.57,2622.27,633406079
12/4/17,2639.44,2629.92,724762684
12/1/17,2642.22,2635.04,670644223
11/30/17,2647.58,2630.06,1041514129
11/29/17,2626.07,2617.3,653621701
11/28/17,2627.04,2618.32,542768349
11/27/17,2601.42,2598.03,481797342
11/24/17,2602.42,2598.86,204379833
11/22/17,2597.08,2591.52,421544127
11/21/17,2599.03,2592.97,505692205
11/20/17,2582.14,2575.93,466385454
11/17/17,2578.85,2573.97,589985854
11/16/17,2585.64,2582.61,498027320
11/15/17,2564.62,2566.38,522600468
11/14/17,2578.87,2575.3,534119191
11/13/17,2584.84,2578.64,509487496
11/10/17,2582.3,2578.81,514540524
11/9/17,2584.62,2579.69,534229752
11/8/17,2594.38,2589.7,509991842
11/7/17,2590.64,2584.97,546661707
11/6/17,2591.13,2585.75,563277225
11/3/17,2587.84,2586.34,522405559
11/2/17,2579.85,2581.84,588411373
11/1/17,2579.36,2575.9,546676247
10/31/17,2575.26,2571.97,625261403
10/30/17,2572.83,2572.01,569441686
10/27/17,2581.07,2577.98,645607673
10/26/17,2560.4,2568.52,563772788
10/25/17,2557.15,2554.8,613367112
10/24/17,2569.13,2563.04,504318897
10/23/17,2564.98,2560,515870002
10/20/17,2575.21,2566.32,631304971
10/19/17,2562.1,2556.48,475108277
10/18/17,2561.26,2557.97,426160017
10/17/17,2559.36,2555.88,443986586
10/16/17,2557.64,2553.68,436332851
10/13/17,2553.17,2547,498032309
10/12/17,2550.93,2545.99,548844607
10/11/17,2555.24,2548.54,486225592
10/10/17,2550.64,2544.27,429347583
10/9/17,2544.73,2540.38,397803021
10/6/17,2549.33,2541.82,452348269
10/5/17,2552.07,2544.46,454529746
10/4/17,2537.74,2531.04,436084924
10/3/17,2534.58,2530.42,424599458
10/2/17,2529.12,2525.72,471297244
9/29/17,2519.36,2512.2,533211309
9/28/17,2510.06,2504.23,469559342
9/27/17,2507.04,2502.37,522364514
9/26/17,2496.84,2495.19,471032584
9/25/17,2496.66,2492.31,562565153
9/22/17,2502.22,2497.43,452975180
9/21/17,2500.6,2497.62,464068023
9/20/17,2508.24,2499.78,538366609
9/19/17,2506.65,2500.36,501443003
9/18/17,2503.87,2497.63,517577755
9/15/17,2500.23,2494.03,1435549576
9/14/17,2495.62,2490.86,533390847
9/13/17,2498.37,2492.43,492139256
9/12/17,2496.48,2486.45,490923947
9/11/17,2488.11,2481.92,515684185
9/8/17,2461.43,2456.69,501930900
9/7/17,2465.1,2463.85,516386819
9/6/17,2465.54,2462.44,539031428
9/5/17,2457.85,2459.13,554135344
9/1/17,2476.55,2471.07,403108736
8/31/17,2471.65,2465.74,645209393
8/30/17,2457.59,2454.84,411660384
8/29/17,2446.3,2444.51,404549838
8/28/17,2444.24,2442.31,424021671
8/25/17,2443.05,2439.97,424178873
8/24/17,2438.97,2439,470044943
8/23/17,2444.04,2440.35,429162732
8/22/17,2452.51,2446.68,429507281
8/21/17,2428.37,2427.26,461494160
8/18/17,2425.55,2427.39,604768337
8/17/17,2430.01,2432.07,522122283
8/16/17,2468.11,2458.9,447838182
8/15/17,2464.61,2459.92,440317340
8/14/17,2465.84,2458.96,460363468
8/11/17,2441.32,2439.27,442234832
8/10/17,2438.21,2435.14,544085467
8/9/17,2474.02,2470.69,462661161
8/8/17,2474.92,2470.52,459725413
8/7/17,2480.91,2477.38,451477354
8/4/17,2476.83,2473.89,497282497
8/3/17,2472.16,2468.93,511922128
8/2/17,2477.57,2476.21,549613480
8/1/17,2476.35,2475.51,520941048
7/31/17,2470.3,2467.09,691834809
7/28/17,2472.1,2466.29,505672250
7/27/17,2475.42,2468.49,654796186
7/26/17,2477.83,2472.67,546161234
7/25/17,2477.13,2471.92,649138657
7/24/17,2469.91,2464.13,586387606
7/21/17,2472.54,2464.15,562308018
7/20/17,2473.45,2469.58,510915149
7/19/17,2473.83,2467.69,466562000
7/18/17,2460.61,2455.65,434709842
7/17/17,2459.14,2457.97,436852378
7/14/17,2459.27,2453.27,439411164
7/13/17,2447.83,2442.98,487474689
7/12/17,2443.25,2435.01,492047443
7/11/17,2425.53,2420.78,463115311
7/10/17,2427.43,2422.33,490786854
7/7/17,2425.18,2419.92,458121628
7/6/17,2409.75,2408.28,554020271
7/5/17,2432.54,2424.86,568417837
7/3/17,2429.01,2426.9,340988864
6/30/17,2423.41,2418.44,641278766
6/29/17,2419.7,2418.56,627587452
6/28/17,2440.69,2436.29,510888129
6/27/17,2419.38,2418.4,546610359
6/26/17,2439.07,2432.27,483460703
6/23/17,2438.3,2431.25,1058563871
6/22/17,2434.5,2429.11,527670747
6/21/17,2435.61,2433.86,530549996
6/20/17,2437.03,2433.75,505505494
6/19/17,2453.46,2444.71,513416987
6/16/17,2433.15,2428.37,1613763171
6/15/17,2432.46,2424.1,595104720
6/14/17,2437.92,2431.59,611088182
6/13/17,2440.35,2432.79,674152887
6/12/17,2429.39,2424.15,731444153
6/9/17,2431.77,2425.51,755077667
6/8/17,2433.79,2428.9,655839946
6/7/17,2433.14,2428.29,568594731
6/6/17,2429.33,2425.89,530720326
6/5/17,2436.1,2429.4,444087664
6/2/17,2439.07,2432.34,563766297
6/1/17,2430.06,2423.86,574309374
5/31/17,2411.8,2408.14,922617941
5/30/17,2412.91,2408.76,472129085
5/26/17,2415.82,2409.97,399884626
5/25/17,2415.07,2408.06,509979660
5/24/17,2404.39,2400,463387968
5/23/17,2398.42,2394.58,466396633
5/22/17,2394.02,2389.44,495129427
5/19/17,2381.73,2377.34,710908823
5/18/17,2365.72,2363.23,603568799
5/17/17,2357.03,2357.4,705108858
5/16/17,2400.67,2395.56,504811421
5/15/17,2402.32,2392.97,511578342
5/12/17,2390.9,2386.04,458846232
5/11/17,2394.44,2387.92,512932994
5/10/17,2399.63,2391.25,493871267
5/9/17,2396.92,2391.45,493834293
5/8/17,2399.38,2393.57,511529362
5/5/17,2399.29,2392.25,477040942
5/4/17,2389.52,2382.4,563427366
5/3/17,2388.13,2380.89,573168399
5/2/17,2391.17,2381.95,590628388